date,time,direction,speed,temperature,NO,NO2,NOX
45017.00,0.04,4.63,5.46,12.55,294.20,7.20,8.80
45017.00,0.08,3.96,6.48,12.55,290.90,8.10,8.60
45017.00,0.13,3.87,4.11,10.05,291.40,7.40,8.50
45017.00,0.17,3.40,4.46,9.68,294.90,7.50,8.50
45017.00,0.21,4.80,5.36,12.73,295.30,7.10,8.30
45017.00,0.25,4.80,7.41,14.78,301.00,6.40,8.20
45017.00,0.29,8.94,13.06,26.77,312.20,4.30,8.00
45017.00,0.33,14.58,21.03,43.39,326.20,2.80,7.90
45017.00,0.38,19.15,26.91,56.28,336.10,2.20,8.00
45017.00,0.42,31.83,39.92,88.73,279.20,2.20,8.70
45017.00,0.46,30.83,33.83,81.10,345.70,4.20,10.20
45017.00,0.50,43.11,35.62,101.72,9.60,5.30,9.30
45017.00,0.54,29.80,26.21,71.90,4.00,4.70,9.20
45017.00,0.58,36.43,36.38,92.25,1.40,5.90,11.40
45017.00,0.63,37.37,34.53,91.83,7.70,6.90,11.30
45017.00,0.67,33.00,36.50,87.10,1.40,7.20,10.60
45017.00,0.71,32.96,32.97,83.52,6.60,7.10,9.60
45017.00,0.75,23.89,26.90,63.53,7.40,5.30,8.60
45017.00,0.79,27.53,27.48,69.69,359.50,4.50,7.50
45017.00,0.83,20.75,28.19,60.01,3.60,4.20,6.80
45017.00,0.88,20.55,24.39,55.91,4.20,3.90,6.10
45017.00,0.92,16.28,17.79,42.76,357.90,4.10,5.50
45017.00,0.96,37.50,22.54,80.05,359.40,4.50,5.00
45017.00,1.00,11.58,9.65,27.40,21.40,5.10,5.40
45018.00,0.04,6.72,5.41,15.71,357.90,4.00,5.90
45018.00,0.08,5.71,3.66,12.41,4.40,4.30,5.50
45018.00,0.13,8.61,6.58,19.78,17.60,4.50,5.90
45018.00,0.17,14.05,15.22,36.76,34.90,4.60,6.10
45018.00,0.21,11.18,11.37,28.51,32.50,4.60,6.10
45018.00,0.25,4.20,3.97,10.41,29.60,3.90,6.10
45018.00,0.29,9.21,9.02,23.14,35.80,4.10,6.00
45018.00,0.33,20.15,19.06,49.96,40.70,4.60,6.00
45018.00,0.38,19.32,18.66,48.28,35.90,5.30,6.10
45018.00,0.42,20.35,22.65,53.86,33.70,4.80,5.60
45018.00,0.46,25.02,25.06,63.43,26.50,4.30,6.60
45018.00,0.50,22.05,25.40,59.22,22.10,4.60,7.80
45018.00,0.54,23.26,27.30,62.95,34.80,4.90,9.00
45018.00,0.58,20.29,19.70,50.81,36.80,4.90,8.70
45018.00,0.63,24.42,26.24,63.69,46.20,4.80,8.60
45018.00,0.67,22.99,24.45,59.69,53.20,4.60,9.10
45018.00,0.71,17.48,21.05,47.86,58.30,4.10,9.10
45018.00,0.75,21.12,28.84,61.22,72.20,3.40,8.10
45018.00,0.79,28.43,59.18,102.77,66.00,2.80,6.40
45018.00,0.83,20.25,34.85,65.90,76.40,2.00,5.10
45018.00,0.88,12.11,34.39,52.96,86.70,1.90,4.20
45018.00,0.92,9.18,20.54,34.61,82.90,2.60,3.40
45018.00,0.96,11.04,16.94,33.87,84.30,2.70,2.80
45018.00,1.00,22.02,23.61,57.38,84.50,3.00,2.20
45019.00,0.04,5.29,5.77,13.88,72.20,2.50,1.20
45019.00,0.08,12.50,14.98,34.15,77.70,2.80,0.60
45019.00,0.13,8.74,10.63,24.04,73.40,2.50,0.00
45019.00,0.17,7.67,9.48,21.25,66.70,2.40,-0.40
45019.00,0.21,7.17,14.82,25.82,71.80,2.90,-0.80
45019.00,0.25,10.11,14.42,29.93,70.90,2.70,-1.10
45019.00,0.29,36.17,31.59,87.04,83.40,3.70,0.10
45019.00,0.33,34.73,34.68,87.94,91.20,3.90,2.50
45019.00,0.38,27.99,29.76,72.68,102.20,4.30,5.30
45019.00,0.42,25.12,23.01,61.53,115.20,5.30,7.30
45019.00,0.46,11.78,15.81,33.87,114.70,5.30,8.50
45019.00,0.50,20.79,18.93,50.81,116.50,5.00,8.60
45019.00,0.54,10.91,10.57,27.30,113.70,4.30,9.00
45019.00,0.58,15.75,17.77,41.92,110.60,4.50,8.80
45019.00,0.63,8.57,10.05,23.19,112.80,4.20,9.30
45019.00,0.67,17.58,22.95,49.91,107.00,3.90,9.70
45019.00,0.71,14.31,22.55,44.49,99.00,3.60,9.00
45019.00,0.75,16.35,27.79,52.86,83.40,3.10,8.40
45019.00,0.79,11.78,33.38,51.44,65.10,3.10,8.10
45019.00,0.83,12.88,42.94,62.69,67.50,2.70,7.90
45019.00,0.88,8.01,31.74,44.02,117.70,3.40,7.60
45019.00,0.92,5.54,18.07,26.56,124.40,2.60,5.30
45019.00,0.96,8.71,25.51,38.87,82.40,1.90,3.90
45019.00,1.00,4.10,13.17,19.46,57.90,2.50,3.00
45020.00,0.04,3.60,9.48,15.01,82.10,2.60,0.10
45020.00,0.08,3.70,10.36,16.04,75.50,2.50,-0.60
45021.00,0.63,12.55,25.01,44.25,209.30,5.00,8.40
45021.00,0.67,16.15,32.51,57.27,212.00,5.10,8.30
45021.00,0.71,18.78,36.52,65.32,203.60,5.00,8.10
45021.00,0.75,17.35,39.03,65.64,209.20,4.60,8.10
45021.00,0.79,12.65,31.36,50.75,218.80,4.80,8.10
45021.00,0.83,14.81,36.03,58.75,229.50,4.80,8.20
45021.00,0.88,16.45,35.05,60.27,217.30,4.30,8.30
45021.00,0.92,15.72,31.76,55.85,210.00,4.50,8.30
45021.00,0.96,8.71,22.52,35.87,221.20,4.90,8.50
45021.00,1.00,4.50,14.76,21.67,228.60,5.10,8.70
45022.00,0.04,4.05,11.60,17.81,233.10,3.30,8.80
45022.00,0.08,3.65,4.86,10.45,258.20,4.80,9.10
45022.00,0.13,2.70,3.59,7.73,286.30,5.20,9.10
45022.00,0.17,2.90,2.18,6.63,271.00,4.80,7.90
45022.00,0.21,3.54,4.83,10.26,272.60,5.30,7.30
45022.00,0.25,7.21,15.72,26.77,282.20,6.50,7.90
45022.00,0.29,15.72,27.76,51.86,292.10,7.20,8.00
45022.00,0.33,19.15,25.96,55.33,293.30,6.80,7.90
45022.00,0.38,26.33,29.74,70.11,289.80,6.10,7.60
45022.00,0.42,28.26,31.14,74.47,290.20,6.60,9.70
45022.00,0.46,20.59,22.87,54.43,290.90,7.90,10.30
45022.00,0.50,21.35,28.53,61.27,295.50,7.90,11.20
45022.00,0.54,15.72,18.82,42.92,298.80,8.10,11.60
45022.00,0.58,27.56,33.21,75.47,302.80,8.50,11.60
45022.00,0.63,15.75,20.61,44.76,305.80,7.60,11.40
45022.00,0.67,24.36,26.87,64.22,314.80,7.40,11.10
45022.00,0.71,32.90,43.65,94.09,332.10,6.40,10.00
45022.00,0.75,21.29,28.84,61.48,332.40,5.40,9.20
45022.00,0.79,18.78,26.42,55.22,327.00,3.90,7.70
45022.00,0.83,14.25,22.28,44.13,322.60,4.20,6.80
45022.00,0.88,10.64,27.33,43.65,322.20,4.20,5.90
45022.00,0.92,13.78,26.31,47.44,317.30,3.90,5.10
45022.00,0.96,19.05,33.74,62.95,312.40,3.60,4.50
45022.00,1.00,17.72,39.37,66.53,303.40,3.40,3.90
45023.00,0.04,14.15,25.78,47.47,301.20,2.50,2.20
45023.00,0.08,11.03,16.18,33.10,296.40,2.80,1.60
45023.00,0.13,10.84,16.24,32.87,304.60,2.80,1.20
45023.00,0.17,218.18,57.03,391.56,313.60,2.70,0.80
45023.00,0.21,61.39,43.14,137.27,318.80,2.70,0.40
45023.00,0.25,42.64,29.02,94.41,323.80,2.70,0.90
45023.00,0.29,56.35,37.29,123.70,331.60,2.60,1.30
45023.00,0.33,32.53,36.58,86.46,345.30,2.30,2.30
45023.00,0.38,26.39,34.64,75.10,4.70,1.80,4.20
45023.00,0.42,22.19,22.78,56.80,39.10,2.60,8.50
45023.00,0.46,15.78,17.25,41.44,45.50,2.60,10.30
45023.00,0.50,22.19,20.89,54.91,50.80,2.00,11.20
45023.00,0.54,22.09,26.09,59.96,45.90,1.50,11.70
45023.00,0.58,16.82,14.45,40.23,42.20,2.00,12.40
45023.00,0.63,15.25,17.75,41.13,36.20,1.90,12.50
45023.00,0.67,29.76,31.57,77.21,40.50,2.00,12.40
45023.00,0.71,32.30,39.78,89.30,51.00,2.10,12.00
45023.00,0.75,37.27,52.20,109.34,53.80,1.90,10.90
45023.00,0.79,20.92,43.18,75.26,56.80,2.00,8.90
45023.00,0.83,27.66,47.42,89.83,58.90,2.30,7.40
45023.00,0.88,43.21,46.98,113.23,67.70,2.40,6.20
45023.00,0.92,13.78,29.62,50.75,89.00,2.00,5.30
45023.00,0.96,19.22,21.81,51.28,92.30,1.10,4.50
45023.00,1.00,14.28,18.39,40.29,49.40,1.20,3.80
45024.00,0.04,33.41,12.59,63.81,130.90,1.50,2.80
45024.00,0.08,7.65,6.57,18.30,139.60,0.50,1.80
45024.00,0.13,30.43,23.71,70.37,78.00,1.00,1.50
45024.00,0.17,122.62,34.62,222.63,71.50,1.60,1.30
45024.00,0.21,6.11,7.15,16.51,90.90,1.40,0.90
45024.00,0.25,9.61,9.30,24.04,126.20,1.70,0.40
45024.00,0.29,19.79,13.79,44.13,148.40,1.60,0.60
45024.00,0.33,26.76,20.14,61.17,153.20,1.00,1.40
45024.00,0.38,28.83,25.22,69.42,139.90,1.10,2.90
45024.00,0.42,13.95,15.90,37.29,149.70,2.00,5.60
45024.00,0.46,12.51,16.16,35.34,164.30,3.30,10.30
45024.00,0.50,8.91,12.43,26.09,162.80,4.00,11.40
45024.00,0.54,6.37,11.16,20.93,155.80,4.00,11.40
45024.00,0.58,8.21,10.98,23.56,149.30,4.50,11.50
45024.00,0.63,8.61,13.83,27.03,146.50,4.20,11.50
45024.00,0.67,9.04,19.38,33.24,142.80,3.70,11.50
45024.00,0.71,8.24,19.76,32.40,146.10,3.40,11.00
45024.00,0.75,6.87,19.65,30.19,159.60,2.20,9.50
45024.00,0.79,7.54,22.36,33.92,160.90,2.30,7.90
45024.00,0.83,17.98,37.12,64.69,165.20,2.10,6.80
45024.00,0.88,7.81,17.80,29.77,159.00,1.60,6.00
45024.00,0.92,7.71,16.48,28.30,125.20,2.30,5.30
45024.00,0.96,3.44,7.67,12.94,134.20,1.60,4.70
45024.00,1.00,3.57,6.20,11.68,149.70,2.50,4.30
45025.00,0.04,9.12,11.47,25.46,125.50,3.10,4.60
45025.00,0.08,3.90,6.64,12.62,128.40,2.90,3.90
45025.00,0.13,8.24,17.66,30.29,120.30,2.00,3.10
45025.00,0.17,50.15,30.08,106.98,125.10,3.30,2.90
45025.00,0.21,7.54,6.43,17.99,134.10,4.40,3.50
45025.00,0.25,3.50,4.78,10.15,137.60,3.80,4.10
45025.00,0.29,4.70,7.78,14.99,141.10,4.20,4.20
45025.00,0.33,8.91,13.37,27.03,148.40,5.00,4.50
45025.00,0.38,5.94,9.67,18.78,149.40,5.20,5.10
45025.00,0.42,6.87,10.08,20.62,150.10,5.30,6.30
45025.00,0.46,7.44,8.21,19.62,155.80,5.60,8.50
45025.00,0.50,7.11,11.67,22.56,170.90,6.40,11.90
45025.00,0.54,5.87,8.25,17.25,175.80,7.00,12.70
45025.00,0.58,5.04,7.53,15.25,176.50,7.50,13.20
45025.00,0.63,5.34,8.38,16.57,179.80,7.50,12.80
45025.00,0.67,5.41,9.49,17.78,175.70,6.70,11.70
45025.00,0.71,4.90,8.52,16.04,169.40,5.90,10.80
45025.00,0.75,5.20,12.48,20.46,167.30,5.40,9.50
45025.00,0.79,4.10,9.85,16.15,163.30,5.50,8.10
45025.00,0.83,3.97,11.22,17.30,165.80,5.60,7.40
45025.00,0.88,3.54,10.30,15.73,171.90,5.40,7.30
45025.00,0.92,3.34,10.45,15.57,178.20,6.00,7.50
45025.00,0.96,4.07,12.74,18.99,190.50,5.40,8.10
45025.00,1.00,3.30,8.35,13.41,195.40,4.80,8.30
45026.00,0.04,3.87,7.53,13.46,194.70,5.30,9.40
45026.00,0.08,2.97,4.60,9.15,206.10,5.90,9.90
45026.00,0.13,2.87,2.23,6.63,210.60,6.90,10.20
45026.00,0.17,3.14,1.87,6.68,208.10,6.70,10.40
45026.00,0.21,2.64,2.01,6.05,215.30,7.30,10.50
45026.00,0.25,3.10,4.08,8.84,220.70,7.10,10.60
45026.00,0.29,5.14,8.69,16.57,227.10,6.40,10.60
45026.00,0.33,5.81,10.87,19.78,242.90,6.00,10.80
45026.00,0.38,7.57,16.73,28.35,258.10,6.90,10.90
45026.00,0.42,14.81,24.20,46.91,257.60,7.50,13.00
45026.00,0.46,8.21,12.71,25.30,265.20,8.90,12.90
45026.00,0.50,8.71,8.95,22.30,259.80,8.30,12.50
45026.00,0.54,7.44,5.95,17.36,272.40,10.80,12.90
45026.00,0.58,8.24,6.88,19.51,279.20,11.40,12.00
45026.00,0.63,6.67,5.70,15.94,276.10,11.40,11.40
45026.00,0.67,7.54,5.16,16.72,275.00,11.20,10.50
45026.00,0.71,7.03,7.10,17.88,271.70,10.40,9.60
45026.00,0.75,9.34,15.71,30.03,265.40,9.10,8.50
45026.00,0.79,6.51,3.75,13.73,262.90,8.20,7.40
45026.00,0.83,5.00,6.26,13.94,265.80,8.50,6.90
45026.00,0.88,4.50,3.35,10.26,267.00,8.90,6.60
45026.00,0.92,4.00,3.01,9.15,271.80,8.40,6.40
45026.00,0.96,4.64,3.25,10.36,274.00,7.40,6.00
45026.00,1.00,3.47,0.25,5.57,274.40,6.30,5.70
45027.00,0.04,3.65,-0.19,5.40,266.30,5.10,4.90
45027.00,0.08,3.51,0.29,5.68,262.30,5.50,4.60
45027.00,0.13,3.54,0.89,6.31,250.20,5.10,4.20
45027.00,0.17,3.54,1.15,6.57,255.40,5.60,4.30
45027.00,0.21,5.37,9.59,17.83,244.40,5.10,4.00
45027.00,0.25,13.05,24.33,44.34,233.40,4.70,3.80
45027.00,0.29,11.84,27.02,45.18,227.20,4.90,5.10
45027.00,0.33,30.93,38.83,86.25,226.70,5.30,7.20
45027.00,0.38,22.72,23.80,58.64,233.20,6.20,8.70
45027.00,0.42,14.05,20.96,42.50,224.90,6.80,9.60
45027.00,0.46,12.48,20.15,39.29,221.40,7.40,10.40
45027.00,0.50,8.51,11.73,24.77,208.80,7.90,10.40
45027.00,0.54,11.11,17.94,34.97,204.50,8.90,10.60
45027.00,0.58,11.88,17.18,35.40,199.70,10.20,9.90
45027.00,0.63,9.34,13.39,27.72,211.80,9.90,9.00
45027.00,0.67,9.34,14.34,28.66,197.30,9.90,8.10
45027.00,0.71,8.64,9.47,22.72,199.90,10.50,8.00
45027.00,0.75,7.31,11.62,22.83,197.60,10.70,8.10
45027.00,0.79,6.24,10.94,20.51,211.60,10.60,8.70
45027.00,0.83,5.64,10.08,18.72,222.60,9.30,9.10
45027.00,0.88,4.64,5.98,13.10,236.10,8.50,9.10
45027.00,0.92,3.47,4.51,9.84,247.20,7.10,8.60
45027.00,0.96,3.50,3.83,9.20,257.20,6.50,7.70
45027.00,1.00,3.17,4.03,8.89,263.20,7.60,6.90
45028.00,0.04,3.34,3.51,8.63,240.50,6.00,4.30
45028.00,0.08,3.07,1.32,6.03,235.00,5.90,4.00
45028.00,0.13,4.27,5.76,12.31,238.30,6.00,3.50
45028.00,0.17,4.17,4.44,10.83,233.30,5.60,3.20
45028.00,0.21,5.77,6.77,15.62,232.30,6.20,3.00
45028.00,0.25,9.98,15.94,31.24,233.60,7.20,3.10
45028.00,0.29,14.18,23.01,44.76,235.50,8.70,4.20
45028.00,0.33,11.48,16.74,34.34,231.80,9.40,5.70
45028.00,0.38,11.74,17.81,35.82,228.60,11.50,6.80
45028.00,0.42,9.88,9.89,25.03,227.10,13.40,7.70
45028.00,0.46,9.24,12.44,26.61,225.90,14.40,8.20
45028.00,0.50,11.08,13.10,30.08,224.00,14.20,8.00
45028.00,0.54,9.28,9.55,23.77,235.10,13.60,7.70
45028.00,0.58,15.45,24.70,48.39,235.70,14.20,7.70
45028.00,0.63,13.11,21.50,41.60,260.10,12.50,7.70
45028.00,0.67,13.38,22.40,42.92,279.10,11.50,7.90
45028.00,0.71,11.58,19.12,36.87,279.80,12.10,7.00
45028.00,0.75,12.58,16.06,35.34,291.60,13.00,6.00
45028.00,0.79,7.74,10.80,22.67,287.90,13.20,6.80
45028.00,0.83,6.37,7.22,16.99,289.90,14.10,6.50
45028.00,0.88,5.51,6.13,14.57,290.70,12.90,6.00
45028.00,0.92,5.51,4.92,13.36,286.60,12.50,5.70
45028.00,0.96,3.80,1.64,7.47,286.60,11.40,5.50
45028.00,1.00,3.44,0.99,6.26,285.50,10.50,5.20
45029.00,0.04,3.25,0.56,5.54,286.60,8.60,5.00
45029.00,0.08,4.23,-0.24,6.24,287.30,9.50,5.00
45029.00,0.13,4.04,1.07,7.26,287.30,8.70,4.90
45029.00,0.17,3.34,0.77,5.89,287.70,8.30,4.60
45029.00,0.21,3.77,4.21,9.99,285.10,7.00,4.30
45029.00,0.25,7.87,16.75,28.82,278.10,5.90,4.10
45029.00,0.29,18.25,32.39,60.38,279.90,6.40,5.50
45029.00,0.33,21.02,25.46,57.70,281.80,7.40,7.00
45029.00,0.38,21.42,27.38,60.22,282.40,7.70,8.00
45029.00,0.42,26.26,26.11,66.37,284.60,8.10,8.90
45029.00,0.46,23.52,25.31,61.38,282.50,8.30,9.50
45029.00,0.50,16.48,22.32,47.60,279.60,8.10,9.80
45029.00,0.54,13.51,15.62,36.34,277.80,8.10,10.10
45029.00,0.58,22.96,19.87,55.07,279.60,8.20,10.10
45029.00,0.63,25.19,30.22,68.85,279.00,8.30,9.90
45029.00,0.67,23.52,29.57,65.64,277.10,7.60,9.40
45029.00,0.71,16.15,23.47,48.23,279.50,6.50,8.80
45029.00,0.75,19.55,28.40,58.38,278.70,4.70,7.80
45029.00,0.79,9.91,17.83,33.03,272.60,3.00,6.10
45029.00,0.83,14.75,33.51,56.12,254.80,2.60,5.00
45029.00,0.88,16.72,41.01,66.64,233.10,2.70,4.20
45029.00,0.92,18.52,38.09,66.48,226.30,2.90,3.70
45029.00,0.96,15.05,29.31,52.38,214.40,3.10,3.30
45029.00,1.00,12.11,19.88,38.45,218.00,3.10,3.00
45030.00,0.04,4.54,16.46,23.42,167.30,2.80,2.50
45030.00,0.08,7.03,10.47,21.25,167.20,3.10,2.30
45030.00,0.13,25.99,16.47,56.33,164.50,3.50,3.20
45030.00,0.17,19.79,14.16,44.49,167.80,2.80,3.80
45030.00,0.21,10.18,8.33,23.93,152.30,3.10,4.30
45030.00,0.25,8.27,16.08,28.77,145.40,3.10,4.80
45030.00,0.29,18.75,34.62,63.38,130.50,4.00,5.10
45030.00,0.33,15.41,26.28,49.91,139.00,4.60,6.40
45030.00,0.38,9.64,17.30,32.08,154.10,5.90,7.60
45030.00,0.42,14.01,20.27,41.76,151.70,6.50,8.10
45030.00,0.46,8.94,10.27,23.98,149.70,7.20,9.20
45030.00,0.50,14.08,18.96,40.55,148.40,7.60,10.90
45030.00,0.54,11.98,16.87,35.24,147.90,6.00,9.90
45030.00,0.58,9.18,16.12,30.19,141.30,4.00,9.60
45030.00,0.63,14.05,23.64,45.18,156.20,2.90,9.30
45030.00,0.67,34.03,38.38,90.57,205.00,2.00,9.10
45030.00,0.71,51.85,59.40,138.90,269.20,1.80,8.60
45030.00,0.75,48.78,51.22,126.01,329.90,3.60,8.10
45030.00,0.79,25.42,33.86,72.84,3.10,4.30,7.70
45030.00,0.83,64.83,53.80,153.21,5.80,4.30,7.10
45030.00,0.88,18.82,26.21,55.07,357.10,4.50,6.60
45030.00,0.92,13.28,21.98,42.34,346.60,4.10,5.40
45030.00,0.96,7.01,16.03,26.77,336.70,4.10,4.70
45030.00,1.00,7.27,17.62,28.77,335.70,4.70,4.40
45031.00,0.04,8.54,15.86,28.96,320.50,2.90,1.80
45031.00,0.08,12.32,18.62,37.52,320.40,3.30,1.50
45031.00,0.13,94.09,33.02,177.29,325.60,4.00,2.00
45031.00,0.17,205.63,76.32,391.61,319.90,3.20,1.50
45031.00,0.21,72.10,36.39,146.95,323.90,3.30,1.20
45031.00,0.25,24.36,32.45,69.79,332.90,3.70,1.10
45031.00,0.29,41.07,44.16,107.13,339.60,3.50,2.90
45031.00,0.33,26.56,26.54,67.27,344.20,3.60,5.10
45031.00,0.38,29.66,29.47,74.95,358.80,3.80,7.30
45031.00,0.42,25.82,23.09,62.69,10.00,4.60,9.20
45031.00,0.46,31.96,33.46,82.47,12.50,4.60,10.20
45031.00,0.50,35.83,32.89,87.83,14.00,4.50,11.00
45031.00,0.54,31.96,22.31,71.32,10.50,3.90,11.50
45031.00,0.58,24.76,25.94,63.90,9.10,3.30,12.30
45031.00,0.63,23.32,33.03,68.79,12.90,2.70,12.90
45031.00,0.67,23.86,34.26,70.84,26.70,2.00,13.00
45031.00,0.71,31.46,41.22,89.46,43.40,1.50,12.70
45031.00,0.75,35.13,40.43,94.30,78.20,1.00,11.90
45031.00,0.79,16.38,37.68,62.80,191.40,0.30,9.60
45031.00,0.83,20.32,43.58,74.74,291.00,1.80,8.60
45031.00,0.88,37.14,36.47,93.41,300.30,1.70,6.90
45031.00,0.92,23.82,33.37,69.90,289.30,1.60,6.10
45031.00,0.96,18.15,34.81,62.64,291.00,1.50,5.20
45031.00,1.00,20.12,32.68,63.53,131.60,0.10,4.10
45032.00,0.04,9.21,19.05,33.17,201.20,1.60,5.00
45032.00,0.08,8.45,15.51,28.47,203.40,1.50,4.90
45032.00,0.13,8.14,12.03,24.51,193.30,0.30,4.50
45032.00,0.17,7.21,11.09,22.14,25.50,0.30,3.80
45032.00,0.21,7.01,11.50,22.25,358.10,0.20,4.40
45032.00,0.25,8.41,11.41,24.30,186.20,1.60,4.50
45032.00,0.29,10.61,13.24,29.51,140.30,0.80,5.00
45032.00,0.33,14.95,16.63,39.55,113.70,1.20,7.00
45032.00,0.38,23.79,24.85,61.32,167.00,1.00,8.50
45032.00,0.42,23.46,32.41,68.37,227.30,1.20,9.10
45032.00,0.46,16.38,24.06,49.18,206.90,1.70,10.00
45032.00,0.50,12.35,20.27,39.21,182.00,2.50,11.00
45032.00,0.54,11.10,20.85,37.87,175.60,2.50,11.40
45032.00,0.58,13.22,22.95,43.22,168.20,2.40,11.70
45032.00,0.63,17.59,26.58,53.55,193.60,2.40,13.00
45032.00,0.67,18.21,26.39,54.32,227.10,2.10,13.40
45032.00,0.71,13.22,22.38,42.65,234.80,1.90,12.30
45032.00,0.75,6.11,17.79,27.16,250.20,2.60,10.90
45032.00,0.79,12.60,30.79,50.11,260.20,2.20,10.10
45032.00,0.83,13.85,30.60,51.83,238.70,2.00,9.70
45032.00,0.88,11.48,27.35,44.94,244.00,2.20,9.30
45032.00,0.92,9.98,20.46,35.76,246.30,1.70,9.00
45032.00,0.96,13.10,32.90,52.98,200.50,1.10,8.80
45032.00,1.00,6.61,27.92,38.06,184.20,1.20,8.60
45033.00,0.04,5.36,14.54,22.76,194.90,0.80,8.50
45033.00,0.08,4.37,12.05,18.74,160.90,1.00,8.40
45033.00,0.13,3.99,11.48,17.60,176.50,1.20,8.40
45033.00,0.17,7.86,18.36,30.41,112.40,1.00,8.30
45033.00,0.21,12.97,14.73,34.62,127.90,1.10,8.10
45033.00,0.25,18.96,27.16,56.23,148.60,0.90,8.10
45033.00,0.29,29.56,36.34,81.66,157.30,1.50,8.00
45033.00,0.33,30.93,35.76,83.19,198.40,1.10,8.50
45033.00,0.38,26.44,32.13,72.68,133.10,2.20,8.80
45033.00,0.42,27.81,28.50,71.15,177.60,1.70,9.70
45033.00,0.46,23.82,28.31,64.83,143.90,0.90,11.00
45033.00,0.50,22.33,31.75,65.98,115.10,1.20,11.40
45033.00,0.54,15.22,21.99,45.33,99.20,1.90,11.70
45033.00,0.58,22.20,29.26,63.30,96.70,2.20,11.60
45033.00,0.63,34.30,39.21,91.80,97.80,1.00,12.70
45033.00,0.67,21.33,31.37,64.07,79.70,2.10,12.00
45033.00,0.71,33.68,48.58,100.22,334.70,1.10,11.70
45033.00,0.75,26.82,40.93,82.05,330.80,1.70,11.90
45033.00,0.79,20.33,39.40,70.57,347.70,2.00,10.10
45033.00,0.83,11.60,26.39,44.18,3.80,2.10,8.50
45033.00,0.88,13.22,28.50,48.77,60.50,3.10,7.60
45033.00,0.92,7.61,20.46,32.13,77.60,2.90,6.80
45033.00,0.96,4.37,8.22,14.92,80.10,2.80,6.00
45033.00,1.00,3.87,9.95,15.87,67.20,2.70,5.40
45034.00,0.04,2.74,6.12,10.33,80.00,3.10,5.60
45034.00,0.08,7.36,12.62,23.91,72.90,3.00,5.50
45034.00,0.13,3.49,5.16,10.52,65.80,3.40,5.10
45034.00,0.17,3.99,5.16,11.28,58.90,3.60,4.70
45034.00,0.21,4.62,5.16,12.24,52.10,3.70,4.30
45034.00,0.25,7.23,10.33,21.42,48.00,3.90,4.10
45034.00,0.29,17.96,23.91,51.45,50.20,4.00,4.20
45034.00,0.33,20.46,24.10,55.46,58.30,4.90,4.30
45034.00,0.38,22.08,27.35,61.20,59.20,4.80,4.90
45034.00,0.42,15.22,21.23,44.56,66.90,5.90,8.20
45034.00,0.46,13.97,20.27,41.69,67.10,6.20,9.80
45034.00,0.50,12.22,16.45,35.19,71.30,6.70,11.40
45034.00,0.54,13.72,20.66,41.69,70.10,7.00,12.60
45034.00,0.58,14.09,22.76,44.37,72.40,7.40,12.70
45034.00,0.63,13.97,23.72,45.14,75.80,7.60,11.70
45034.00,0.67,14.34,23.72,45.71,81.30,8.10,11.50
45034.00,0.71,10.48,21.99,38.06,73.30,7.60,10.80
45034.00,0.75,11.35,21.04,38.44,69.70,5.80,9.30
45034.00,0.79,9.35,17.60,31.94,71.40,5.10,8.40
45034.00,0.83,8.73,16.26,29.64,67.80,4.40,7.50
45034.00,0.88,7.73,18.36,30.22,69.00,4.40,6.50
45034.00,0.92,5.61,11.67,20.27,76.80,4.60,5.90
45034.00,0.96,4.49,10.71,17.60,77.80,4.50,6.60
45034.00,1.00,3.87,7.84,13.77,66.50,4.20,5.80
45035.00,0.04,3.62,6.12,11.67,53.90,3.90,5.40
45035.00,0.08,3.74,5.36,11.09,55.60,4.60,5.10
45035.00,0.13,3.24,3.83,8.80,58.90,5.00,5.00
45035.00,0.17,3.62,5.74,11.28,58.10,4.70,4.80
45035.00,0.21,5.74,12.62,21.42,63.10,5.60,5.10
45035.00,0.25,5.99,10.14,19.32,68.60,6.40,5.80
45035.00,0.29,15.47,21.99,45.71,75.30,6.00,5.80
45035.00,0.33,26.19,25.63,65.79,72.50,5.50,5.70
45035.00,0.38,21.58,21.99,55.08,74.80,6.00,6.30
45035.00,0.42,35.42,18.93,73.25,73.90,6.30,7.00
45035.00,0.46,23.70,19.13,55.46,79.40,6.50,8.20
45035.00,0.50,14.97,22.57,45.52,77.20,6.20,9.40
45035.00,0.54,13.60,21.99,42.84,75.60,6.20,11.20
45035.00,0.58,11.85,20.27,38.44,73.70,6.00,12.20
45035.00,0.63,11.85,18.36,36.53,79.50,6.30,12.80
45035.00,0.67,12.85,21.99,41.69,82.50,5.50,12.70
45035.00,0.71,13.35,23.14,43.61,93.20,5.80,13.20
45035.00,0.75,9.85,22.57,37.68,83.30,6.20,11.80
45035.00,0.79,6.36,19.51,29.26,79.80,5.40,9.70
45035.00,0.83,5.74,18.55,27.35,76.70,5.00,8.20
45035.00,0.88,3.62,13.96,19.51,74.70,5.60,7.00
45035.00,0.92,2.87,11.86,16.26,74.40,5.90,6.00
45035.00,0.96,2.25,7.84,11.28,74.80,5.30,5.10
45035.00,1.00,5.61,10.14,18.74,72.30,5.00,4.40
45036.00,0.04,5.49,4.40,12.81,62.30,4.70,3.30
45036.00,0.08,2.12,4.40,7.65,62.70,5.20,2.80
45036.00,0.13,2.62,4.40,8.42,64.80,5.10,2.50
45036.00,0.17,4.37,8.99,15.68,66.30,5.40,2.30
45036.00,0.21,5.36,10.71,18.93,64.40,5.20,2.20
45036.00,0.25,6.61,18.93,29.07,66.80,5.60,2.50
45036.00,0.29,23.57,29.07,65.22,72.00,6.10,4.30
45036.00,0.33,23.32,32.32,68.09,73.50,6.80,6.40
45036.00,0.38,19.83,27.16,57.57,77.30,7.30,8.50
45036.00,0.42,15.84,24.48,48.77,73.70,7.70,10.30
45036.00,0.46,13.10,25.05,45.14,69.10,7.90,11.50
45036.00,0.50,8.11,18.17,30.60,70.30,8.30,12.50
45036.00,0.54,12.60,20.66,39.97,64.00,7.60,13.10
45036.00,0.58,14.47,22.76,44.94,58.60,7.50,13.30
45036.00,0.63,14.84,24.48,47.24,55.60,7.80,13.20
45036.00,0.67,21.70,40.16,73.44,54.60,7.70,12.60
45036.00,0.71,20.46,26.78,58.14,54.10,6.40,11.70
45036.00,0.75,16.84,29.26,55.08,50.70,5.20,10.30
45036.00,0.79,9.35,17.02,31.37,54.80,4.30,8.40
45036.00,0.83,5.99,18.17,27.35,54.90,4.80,7.20
45036.00,0.88,3.74,8.99,14.73,56.50,5.30,6.20
45036.00,0.92,6.36,8.99,18.74,56.30,5.80,5.50
45036.00,0.96,4.74,8.80,16.07,52.50,5.40,5.00
45036.00,1.00,2.00,6.69,9.75,49.80,4.50,4.60
45037.00,0.04,2.00,4.40,7.46,51.00,4.10,3.70
45037.00,0.08,1.37,4.21,6.31,57.00,4.30,3.20
45037.00,0.13,21.08,18.93,51.26,64.10,4.90,3.60
45037.00,0.17,33.43,27.35,78.60,63.40,5.10,3.60
45037.00,0.21,7.23,10.33,21.42,61.00,4.40,3.30
45037.00,0.25,5.86,12.81,21.80,55.50,3.90,3.20
45037.00,0.29,38.79,43.03,102.51,45.30,3.50,3.50
45037.00,0.33,59.87,56.99,148.79,36.10,3.40,3.80
45037.00,0.38,56.50,56.61,143.25,22.80,3.00,4.60
45037.00,0.42,50.27,49.53,126.61,4.30,2.90,5.70
45037.00,0.46,45.03,55.08,124.12,351.10,1.90,6.90
45037.00,0.50,37.67,49.73,107.48,301.60,0.90,7.80
45037.00,0.54,43.78,60.24,127.37,239.70,1.40,8.90
45037.00,0.58,22.70,41.12,75.93,238.20,1.90,9.90
45037.00,0.63,29.94,41.50,87.40,202.70,0.60,10.20
45037.00,0.67,21.83,39.40,72.87,53.00,1.50,9.60
45037.00,0.71,47.40,51.26,123.93,103.20,2.40,9.50
45037.00,0.75,20.33,37.10,68.28,140.20,2.60,8.70
45037.00,0.79,9.35,27.92,42.27,149.40,2.40,7.90
45037.00,0.83,21.45,48.20,81.09,147.70,2.10,6.90
45037.00,0.88,21.33,37.10,69.81,148.50,2.10,5.90
45037.00,0.92,16.34,29.07,54.12,146.40,1.90,5.10
45037.00,0.96,17.71,25.44,52.59,139.30,2.10,4.00
45037.00,1.00,9.85,20.85,35.96,151.70,2.00,3.20
45038.00,0.04,8.86,16.07,29.64,3.50,0.40,0.90
45038.00,0.08,14.09,29.07,50.68,5.70,0.10,0.00
45038.00,0.13,6.61,14.15,24.29,12.90,0.20,-0.50
45038.00,0.17,31.81,19.51,68.28,352.50,0.40,-0.60
45038.00,0.21,28.06,23.72,66.75,15.00,0.80,-0.60
45038.00,0.25,15.47,17.60,41.31,89.90,0.30,-0.90
45038.00,0.29,18.09,18.17,45.90,94.20,0.40,0.20
45038.00,0.33,32.55,26.97,76.88,127.30,0.50,2.50
45038.00,0.38,40.41,28.88,90.84,144.80,1.00,5.20
45038.00,0.42,50.02,34.62,111.31,158.00,1.40,7.70
45038.00,0.46,31.56,37.49,85.87,174.90,2.00,9.80
45038.00,0.50,9.98,20.66,35.96,170.80,2.90,11.10
45038.00,0.54,7.36,19.32,30.60,166.90,3.60,11.40
45038.00,0.58,11.72,25.44,43.41,167.60,4.10,11.60
45038.00,0.63,10.48,24.86,40.93,158.70,5.60,10.90
45038.00,0.67,8.36,23.14,35.96,165.20,5.20,9.80
45038.00,0.71,7.73,23.91,35.76,162.50,4.80,9.40
45038.00,0.75,10.85,32.90,49.53,162.20,5.60,9.80
45038.00,0.79,3.99,20.46,26.58,170.50,6.00,8.70
45038.00,0.83,3.24,16.83,21.80,188.30,5.30,8.20
45038.00,0.88,3.24,19.13,24.10,208.50,4.40,7.60
45038.00,0.92,6.36,27.54,37.29,211.00,3.20,6.80
45038.00,0.96,6.24,25.44,35.00,207.40,3.20,6.40
45038.00,1.00,2.37,13.96,17.60,220.40,3.00,6.40
45039.00,0.04,2.49,13.20,17.02,246.70,2.20,8.60
45039.00,0.08,2.37,13.39,17.02,288.60,3.50,8.40
45039.00,0.13,2.62,12.81,16.83,276.20,3.20,7.50
45039.00,0.17,2.25,11.86,15.30,279.40,2.60,5.90
45039.00,0.21,2.99,17.60,22.19,278.40,3.30,5.40
45039.00,0.25,3.87,15.68,21.61,273.50,2.70,5.00
45039.00,0.29,7.98,26.01,38.25,273.50,2.70,5.10
45039.00,0.33,10.35,19.70,35.57,283.70,2.70,5.20
45039.00,0.38,13.72,23.14,44.18,296.90,2.90,5.60
45039.00,0.42,30.68,49.73,96.77,297.40,3.00,6.70
45039.00,0.46,23.57,32.13,68.28,301.20,3.50,8.60
45039.00,0.50,15.34,21.23,44.75,306.00,4.60,9.90
45039.00,0.54,23.57,37.87,74.01,297.40,4.80,9.90
45039.00,0.58,15.59,25.44,49.34,292.20,4.80,10.90
45039.00,0.63,17.34,31.94,58.52,279.10,5.90,10.70
45039.00,0.67,12.47,22.38,41.50,291.60,6.70,10.30
45039.00,0.71,9.23,24.10,38.25,317.20,5.30,9.50
45039.00,0.75,9.98,24.29,39.59,306.10,5.40,8.20
45039.00,0.79,14.72,29.64,52.21,297.90,5.00,8.00
45039.00,0.83,14.59,29.26,51.64,310.60,4.50,7.70
45039.00,0.88,7.73,26.58,38.44,295.00,4.20,6.50
45039.00,0.92,7.73,26.01,37.87,290.20,4.70,5.80
45039.00,0.96,6.61,28.11,38.25,293.40,4.70,5.20
45039.00,1.00,8.73,32.32,45.71,297.50,4.20,4.60
45040.00,0.04,2.12,19.51,22.76,289.60,2.80,3.00
45040.00,0.08,2.49,10.52,14.34,287.40,2.80,2.60
45040.00,0.13,2.49,11.28,15.11,295.30,3.10,3.40
45040.00,0.17,2.62,13.39,17.40,286.00,2.20,3.20
45040.00,0.21,7.98,20.85,33.09,286.20,1.20,2.90
45040.00,0.25,40.04,41.50,102.89,291.50,0.90,2.80
45040.00,0.29,71.22,66.75,175.95,270.40,0.50,3.00
45040.00,0.33,24.82,52.02,90.08,119.70,0.60,3.50
45040.00,0.38,26.19,43.99,84.15,107.40,1.40,4.40
45040.00,0.42,31.18,49.53,97.35,116.10,2.00,6.20
45040.00,0.46,35.55,44.75,99.26,106.40,2.30,7.40
45040.00,0.50,69.60,60.82,167.54,90.20,1.40,8.00
45040.00,0.54,43.53,46.86,113.60,68.10,3.10,8.70
45040.00,0.58,44.65,45.33,113.79,62.80,4.40,8.50
45040.00,0.63,23.95,32.13,68.85,58.50,3.60,7.90
45040.00,0.67,39.79,48.58,109.59,55.00,4.80,7.50
45040.00,0.71,35.05,45.14,98.88,44.10,4.70,7.00
45040.00,0.75,31.93,32.70,81.66,30.50,3.80,6.80
45040.00,0.79,18.71,26.01,54.70,20.40,2.30,6.40
45040.00,0.83,12.85,29.84,49.53,354.90,2.90,6.20
45040.00,0.88,13.22,25.44,45.71,21.80,4.10,6.60
45040.00,0.92,8.98,18.93,32.70,28.30,4.20,6.50
45040.00,0.96,5.86,14.73,23.72,35.30,4.70,6.10
45040.00,1.00,5.49,13.39,21.80,39.20,4.70,5.40
45041.00,0.04,3.99,10.33,16.45,20.10,2.60,1.40
45041.00,0.08,1.87,7.65,10.52,21.60,2.40,0.70
45041.00,0.13,2.87,5.36,9.75,32.20,1.90,-0.10
45041.00,0.17,3.99,7.08,13.20,30.80,1.30,-0.60
45041.00,0.21,9.60,16.07,30.79,358.40,1.20,-1.00
45041.00,0.25,23.32,27.16,62.92,13.00,1.60,-0.70
45041.00,0.29,46.52,42.08,113.41,58.60,3.50,2.30
45041.00,0.33,23.32,27.54,63.30,61.90,3.90,4.60
45041.00,0.38,13.22,19.70,39.97,69.30,4.30,6.60
45041.00,0.42,12.10,16.83,35.38,71.00,3.80,8.00
45041.00,0.46,12.22,17.40,36.15,68.80,3.70,9.30
45041.00,0.50,12.97,14.92,34.81,72.20,3.30,10.00
45041.00,0.54,10.35,16.26,32.13,81.80,2.90,10.50
45041.00,0.58,11.10,18.55,35.57,87.50,2.70,10.90
45041.00,0.63,13.35,18.93,39.40,97.00,2.50,11.20
45041.00,0.67,22.08,35.19,69.04,103.40,2.50,11.00
45041.00,0.71,21.08,29.26,61.58,121.60,2.50,10.50
45041.00,0.75,18.71,29.84,58.52,132.40,2.40,9.70
45041.00,0.79,10.85,33.47,50.11,129.20,2.00,7.70
45041.00,0.83,21.20,42.65,75.16,144.40,2.00,6.30
45041.00,0.88,7.86,32.51,44.56,182.00,1.90,5.10
45041.00,0.92,7.11,29.26,40.16,175.00,1.40,4.70
45041.00,0.96,4.74,23.33,30.60,126.50,1.40,3.90
45041.00,1.00,2.87,14.54,18.93,118.20,1.40,4.10
45042.00,0.04,2.12,9.75,13.01,90.60,2.30,2.20
45042.00,0.08,2.25,9.75,13.20,92.80,2.50,1.60
45042.00,0.13,3.12,7.08,11.86,84.00,2.40,1.20
45042.00,0.17,2.25,7.46,10.90,82.50,2.30,0.80
45042.00,0.21,2.12,8.22,11.48,76.10,2.50,0.60
45042.00,0.25,8.36,21.99,34.81,85.70,2.60,1.50
45042.00,0.29,18.83,28.11,56.99,121.20,3.70,4.70
45042.00,0.33,26.32,36.53,76.88,131.10,5.40,7.50
45042.00,0.38,16.21,23.72,48.58,139.10,6.10,9.10
45042.00,0.42,17.46,26.58,53.36,137.50,5.80,10.40
45042.00,0.46,15.34,30.03,53.55,144.90,4.70,10.80
45042.00,0.50,7.86,20.08,32.13,154.30,5.00,10.80
45042.00,0.54,13.35,24.86,45.33,154.30,4.00,10.40
45042.00,0.58,5.36,14.54,22.76,152.70,3.80,10.30
45042.00,0.63,4.86,17.40,24.86,153.90,3.50,10.50
45042.00,0.67,6.24,19.13,28.69,150.90,3.00,10.40
45042.00,0.71,7.11,21.04,31.94,149.80,2.70,10.30
45042.00,0.75,5.86,21.61,30.60,151.60,2.60,10.00
45042.00,0.79,4.86,21.23,28.69,141.00,2.50,8.30
45042.00,0.83,2.49,18.17,21.99,131.10,2.20,6.80
45042.00,0.88,1.87,15.87,18.74,138.00,2.10,5.70
45042.00,0.92,13.10,31.17,51.26,130.10,1.90,4.80
45042.00,0.96,9.60,30.98,45.71,103.20,2.20,4.20
45042.00,1.00,4.12,18.36,24.67,99.20,2.20,3.60
45043.00,0.04,1.12,7.65,9.37,113.90,2.80,5.40
45043.00,0.08,2.25,9.18,12.62,114.80,2.60,4.50
45043.00,0.13,3.49,9.56,14.92,105.00,2.50,3.90
45043.00,0.17,1.87,8.42,11.28,115.30,2.10,3.40
45043.00,0.21,1.75,9.75,12.43,109.40,2.10,3.10
45043.00,0.25,6.24,18.55,28.11,109.20,2.60,3.40
45043.00,0.29,10.73,26.97,43.41,130.30,3.00,4.50
45043.00,0.33,18.09,31.37,59.10,137.50,4.30,6.70
45043.00,0.38,11.23,25.63,42.84,137.40,4.20,8.20
45043.00,0.42,9.48,22.76,37.29,135.10,5.30,9.10
45043.00,0.46,11.85,26.39,44.56,135.30,6.30,10.40
45043.00,0.50,5.99,22.57,31.75,141.80,6.30,11.00
45043.00,0.54,12.22,31.56,50.30,141.50,6.00,10.90
45043.00,0.58,17.46,33.09,59.86,140.70,5.80,10.90
45043.00,0.63,7.98,22.95,35.19,157.00,5.50,12.00
45043.00,0.67,10.35,33.09,48.96,153.30,2.60,11.70
45043.00,0.71,10.23,27.92,43.61,128.80,5.20,11.00
45043.00,0.75,17.46,40.16,66.94,143.20,5.50,10.60
45043.00,0.79,10.10,30.22,45.71,147.40,5.20,10.50
45043.00,0.83,14.72,36.15,58.71,157.80,5.20,10.50
45043.00,0.88,16.46,35.19,60.44,180.10,4.30,10.50
45043.00,0.92,10.35,28.88,44.75,218.90,3.60,10.60
45043.00,0.96,8.61,27.54,40.74,243.30,4.60,11.00
45043.00,1.00,15.59,34.62,58.52,245.70,4.80,11.20
45044.00,0.04,15.09,26.78,49.92,224.30,3.60,11.50
45044.00,0.08,1.25,11.67,13.58,232.60,3.20,11.50
45044.00,0.13,1.87,9.18,12.05,237.40,3.90,11.50
45044.00,0.17,2.49,10.71,14.54,247.90,3.70,11.60
45044.00,0.21,3.99,14.15,20.27,261.90,3.70,11.40
45044.00,0.25,3.74,9.37,15.11,271.80,4.10,11.20
45044.00,0.29,9.35,17.40,31.75,282.70,4.80,11.40
45044.00,0.33,19.58,28.88,58.91,293.60,5.50,11.70
45044.00,0.38,26.07,24.48,64.45,298.50,6.10,12.10
45044.00,0.42,22.33,24.48,58.71,303.80,6.10,12.60
45044.00,0.46,34.43,27.73,80.52,312.20,5.70,13.60
45044.00,0.50,27.19,29.64,71.34,305.50,5.70,15.80
45044.00,0.54,25.07,29.64,68.09,303.00,6.30,16.50
45044.00,0.58,20.33,23.72,54.89,300.50,6.20,16.70
45044.00,0.63,30.18,33.66,79.94,297.20,6.00,16.70
45044.00,0.67,29.06,37.49,82.05,292.00,5.80,16.20
45044.00,0.71,29.06,41.50,86.06,292.60,5.90,15.60
45044.00,0.75,22.45,31.37,65.79,290.00,5.10,14.30
45044.00,0.79,17.59,32.51,59.48,280.10,3.90,12.40
45044.00,0.83,8.86,22.76,36.34,284.10,3.70,10.80
45044.00,0.88,5.24,19.89,27.92,297.20,3.60,9.90
45044.00,0.92,4.37,24.86,31.56,302.60,3.40,9.10
45044.00,0.96,8.11,31.17,43.61,301.10,3.40,8.50
45044.00,1.00,7.73,32.13,43.99,310.30,3.50,8.60
45045.00,0.04,5.99,19.13,28.31,6.00,0.20,5.10
45045.00,0.08,2.87,22.38,26.78,91.20,0.50,6.20
45045.00,0.13,6.74,21.61,31.94,124.60,1.10,6.40
45045.00,0.17,6.36,15.87,25.63,134.60,1.10,5.90
45045.00,0.21,14.34,16.83,38.82,126.30,1.20,5.50
45045.00,0.25,5.61,15.49,24.10,129.40,1.10,4.90
45045.00,0.29,17.09,20.27,46.47,149.30,1.00,4.40
45045.00,0.33,36.92,29.45,86.06,141.90,0.80,4.50
45045.00,0.38,36.80,30.03,86.45,138.20,0.90,5.50
45045.00,0.42,14.97,23.14,46.09,148.80,1.40,7.70
45045.00,0.46,6.98,15.30,26.01,160.40,1.50,11.20
45045.00,0.50,9.48,18.74,33.28,187.60,1.90,14.00
45045.00,0.54,10.60,21.61,37.87,198.20,1.90,14.70
45045.00,0.58,8.11,18.55,30.98,217.50,1.70,15.80
45045.00,0.63,11.85,29.84,48.00,211.70,2.00,16.70
45045.00,0.67,9.85,27.92,43.03,189.70,2.90,15.10
45045.00,0.71,16.46,40.35,65.60,167.90,2.20,15.90
45045.00,0.75,7.86,22.57,34.62,154.40,2.40,15.30
45045.00,0.79,7.98,24.48,36.72,174.90,2.70,13.00
45045.00,0.83,12.60,35.57,54.89,195.40,3.00,11.50
45045.00,0.88,3.74,19.32,25.05,206.50,2.60,10.10
45045.00,0.92,5.61,21.23,29.84,200.00,2.00,8.90
45045.00,0.96,6.36,18.93,28.69,191.90,2.70,8.60
45045.00,1.00,6.11,18.55,27.92,173.10,2.20,7.60
45046.00,0.04,27.19,29.64,71.34,161.10,1.90,5.50
45046.00,0.08,5.49,18.17,26.58,154.10,2.30,5.20
45046.00,0.13,9.73,14.34,29.26,138.80,1.90,5.00
45046.00,0.17,39.04,34.04,93.90,145.50,2.60,4.90
45046.00,0.21,24.95,24.48,62.73,146.30,2.40,5.00
45046.00,0.25,3.24,14.15,19.13,144.10,2.20,5.20
45046.00,0.29,7.48,20.46,31.94,154.70,3.90,5.60
45046.00,0.33,5.86,17.79,26.78,153.80,3.40,6.30
45046.00,0.38,7.36,20.27,31.56,153.90,2.90,7.20
45046.00,0.42,6.49,20.66,30.60,154.00,4.00,9.10
45046.00,0.46,10.73,25.82,42.27,159.80,4.90,11.40
45046.00,0.50,7.98,23.52,35.76,165.50,5.00,13.20
45046.00,0.54,5.86,17.79,26.78,168.60,5.00,14.60
45046.00,0.58,8.73,21.80,35.19,185.40,4.10,13.90
45046.00,0.63,8.61,22.38,35.57,193.70,3.60,13.40
45046.00,0.67,9.98,22.76,38.06,199.10,3.20,12.70
45046.00,0.71,7.48,22.95,34.43,205.50,2.90,12.00
45046.00,0.75,16.59,32.13,57.57,184.30,3.20,11.20
45046.00,0.79,4.86,19.51,26.97,195.30,2.40,10.10
45046.00,0.83,12.35,29.84,48.77,194.80,2.10,10.30
45046.00,0.88,11.85,31.75,49.92,212.60,2.50,10.10
45046.00,0.92,5.36,15.11,23.33,246.00,3.40,10.00
45046.00,0.96,2.74,9.56,13.77,257.80,2.90,10.00
45046.00,1.00,3.37,7.84,13.01,286.00,3.00,9.90
45047.00,0.04,1.37,7.46,9.56,250.10,2.20,6.50
45047.00,0.08,2.12,10.33,13.58,266.60,2.80,6.60
45047.00,0.13,0.87,8.22,9.56,278.60,4.00,6.90
45047.00,0.17,3.24,6.31,11.28,287.20,3.20,7.10
45047.00,0.21,1.75,5.74,8.42,283.50,3.60,7.40
45047.00,0.25,2.87,8.99,13.39,294.70,3.90,7.70
45047.00,0.29,5.24,15.68,23.72,302.90,4.20,8.10
45047.00,0.33,9.35,16.45,30.79,305.30,4.30,8.60
45047.00,0.38,13.47,19.89,40.55,306.20,4.30,9.60
45047.00,0.42,19.33,25.82,55.46,317.90,4.90,12.50
45047.00,0.46,20.95,27.16,59.29,318.80,5.30,13.70
45047.00,0.50,21.33,28.69,61.39,314.30,5.10,14.90
45047.00,0.54,20.33,34.81,65.98,318.40,5.20,15.20
45047.00,0.58,24.57,39.40,77.07,322.90,5.20,16.30
45047.00,0.63,17.96,24.10,51.64,322.30,5.80,16.30
45047.00,0.67,24.95,29.84,68.09,318.20,5.30,15.90
45047.00,0.71,17.46,25.82,52.59,309.80,5.10,15.00
45047.00,0.75,15.47,30.60,54.32,303.80,4.50,13.80
45047.00,0.79,15.34,20.27,43.80,302.20,3.40,11.90
45047.00,0.83,10.23,21.04,36.72,302.10,3.30,10.50
45047.00,0.88,8.86,30.03,43.61,306.20,2.80,9.40
45047.00,0.92,7.98,32.90,45.14,329.30,2.20,8.30
45047.00,0.96,16.46,28.69,53.93,345.50,1.90,7.50
45047.00,1.00,4.86,10.52,17.98,32.80,2.50,7.50
45048.00,0.04,4.12,12.81,19.13,19.70,1.90,6.70
45048.00,0.08,2.99,10.90,15.49,41.70,2.10,6.10
45048.00,0.13,42.91,36.34,102.13,64.90,2.50,6.10
45048.00,0.17,28.44,21.23,64.83,81.90,2.80,6.10
45048.00,0.21,30.56,20.27,67.13,81.50,2.70,5.90
45048.00,0.25,6.74,12.05,22.38,75.80,2.90,5.70
45048.00,0.29,18.09,24.67,52.40,80.20,2.70,5.60
45048.00,0.33,23.70,31.37,67.70,86.80,2.80,5.90
45048.00,0.38,15.97,23.14,47.62,96.00,2.50,6.70
45048.00,0.42,19.96,27.35,57.95,111.00,3.00,7.80
45048.00,0.46,9.60,17.98,32.70,115.40,2.80,8.90
45048.00,0.50,9.60,13.58,28.31,132.30,2.60,10.40
45048.00,0.54,15.72,17.79,41.88,141.00,2.70,13.10
45048.00,0.58,11.97,20.46,38.82,136.80,2.80,14.10
45048.00,0.63,16.59,28.31,53.74,132.90,3.10,14.60
45048.00,0.67,15.97,27.16,51.64,130.20,4.40,13.80
45048.00,0.71,18.09,30.60,58.33,126.60,4.40,12.30
45048.00,0.75,17.84,37.87,65.22,132.10,3.30,11.40
45048.00,0.79,7.48,18.17,29.64,135.70,3.00,11.10
45048.00,0.83,5.49,21.80,30.22,123.50,2.60,9.30
45048.00,0.88,4.49,23.33,30.22,113.50,2.70,8.30
45048.00,0.92,2.49,19.32,23.14,108.70,2.60,7.60
45048.00,0.96,1.75,15.87,18.55,121.70,3.50,8.20
45048.00,1.00,0.87,11.86,13.20,122.70,4.30,8.40
45049.00,0.04,0.62,6.89,7.84,119.50,3.00,6.10
45049.00,0.08,0.87,4.78,6.12,109.20,2.70,5.20
45049.00,0.13,1.62,4.40,6.89,104.40,2.50,4.50
45049.00,0.17,2.37,7.84,11.48,90.70,2.50,3.90
45049.00,0.21,2.74,9.75,13.96,86.40,2.50,3.40
45049.00,0.25,13.10,23.14,43.22,111.00,3.50,4.60
45049.00,0.29,39.17,39.21,99.26,121.20,4.40,7.30
45049.00,0.33,23.32,33.28,69.04,118.90,4.80,9.30
45049.00,0.38,15.59,25.25,49.15,116.90,4.90,11.20
45049.00,0.42,8.86,13.20,26.78,120.00,5.50,13.00
45049.00,0.46,8.11,13.58,26.01,119.20,5.80,14.10
45049.00,0.50,10.85,16.07,32.70,117.30,5.90,15.00
45049.00,0.54,7.73,16.26,28.11,115.00,6.00,15.50
45049.00,0.58,10.23,21.61,37.29,112.30,6.10,15.90
45049.00,0.63,6.49,15.68,25.63,111.30,6.20,15.90
45049.00,0.67,13.47,24.86,45.52,112.70,6.20,15.30
45049.00,0.71,11.23,29.64,46.86,112.40,5.90,14.70
45049.00,0.75,8.61,29.07,42.27,104.70,5.50,13.20
45049.00,0.79,6.36,27.73,37.49,94.80,4.90,11.20
45049.00,0.83,4.24,21.80,28.31,96.40,5.10,9.10
45049.00,0.88,3.87,20.08,26.01,98.30,5.00,7.70
45049.00,0.92,2.62,19.51,23.52,94.10,4.90,6.90
45049.00,0.96,2.62,19.51,23.52,95.00,4.70,6.50
45049.00,1.00,1.00,13.20,14.73,92.10,4.30,6.10
45050.00,0.04,6.36,13.77,23.52,83.50,4.80,5.70
45050.00,0.08,0.87,8.80,10.14,82.60,4.70,5.40
45050.00,0.13,1.12,9.56,11.28,81.90,4.80,5.40
45050.00,0.17,1.00,8.80,10.33,83.30,4.50,5.40
45050.00,0.21,1.75,10.14,12.81,83.10,4.80,5.50
45050.00,0.25,4.49,13.39,20.27,88.70,5.20,6.60
45050.00,0.29,14.34,23.33,45.33,92.60,5.20,7.90
45050.00,0.33,31.43,30.41,78.60,98.10,7.10,9.40
45050.00,0.38,23.70,25.63,61.97,98.90,7.20,10.70
45050.00,0.42,17.46,25.25,52.02,104.20,6.40,12.10
45050.00,0.46,10.60,23.91,40.16,121.60,6.20,13.30
45050.00,0.50,6.36,22.95,32.70,135.20,5.80,13.60
45050.00,0.54,10.35,25.82,41.69,142.70,6.20,13.60
45050.00,0.58,6.24,20.46,30.03,154.60,6.20,14.00
45050.00,0.63,3.37,14.34,19.51,154.10,5.90,13.40
45050.00,0.67,5.24,16.45,24.48,172.30,4.60,13.50
45050.00,0.71,9.35,24.10,38.44,177.90,4.10,13.60
45050.00,0.75,8.61,22.38,35.57,187.90,3.90,13.90
45050.00,0.79,5.74,18.93,27.73,189.80,3.10,12.70
45050.00,0.83,3.12,15.87,20.66,186.20,3.60,11.20
45050.00,0.88,3.12,16.83,21.61,186.50,4.40,11.60
45050.00,0.92,4.74,21.04,28.31,200.30,5.00,11.30
45050.00,0.96,2.49,13.20,17.02,205.50,4.10,11.20
45050.00,1.00,1.87,9.37,12.24,214.40,3.80,10.90
45051.00,0.04,1.12,6.12,7.84,187.90,3.50,10.30
45051.00,0.08,0.87,5.16,6.50,201.40,4.40,10.20
45051.00,0.13,1.00,4.59,6.12,212.80,4.80,10.00
45051.00,0.17,17.34,18.74,45.33,212.90,4.40,9.90
45051.00,0.21,9.23,21.04,35.19,207.30,4.00,9.80
45051.00,0.25,6.11,20.46,29.84,201.30,3.90,9.80
45051.00,0.29,15.97,34.23,58.71,199.80,4.10,9.90
45051.00,0.33,17.84,37.87,65.22,195.80,4.20,10.30
45051.00,0.38,13.10,29.07,49.15,198.10,4.10,11.60
45051.00,0.42,10.85,18.74,35.38,206.80,5.00,12.90
45051.00,0.46,10.48,18.36,34.43,210.60,4.90,12.90
45051.00,0.50,9.73,17.79,32.70,203.60,4.90,13.20
45051.00,0.54,10.85,16.64,33.28,203.60,5.40,14.00
45051.00,0.58,10.23,18.74,34.43,203.40,6.40,15.10
45051.00,0.63,10.60,17.21,33.47,197.20,6.40,14.80
45051.00,0.67,10.73,22.76,39.21,202.80,6.00,15.00
45051.00,0.71,12.85,28.50,48.20,206.50,5.10,14.60
45051.00,0.75,7.23,19.70,30.79,202.30,4.30,13.20
45051.00,0.79,7.73,21.42,33.28,198.30,3.20,11.80
45051.00,0.83,4.74,17.40,24.67,197.60,2.60,10.30
45051.00,0.88,4.12,14.34,20.66,207.30,4.50,10.80
45051.00,0.92,3.49,13.77,19.13,207.40,4.50,10.40
45051.00,0.96,3.49,12.43,17.79,202.40,3.90,10.10
45051.00,1.00,1.62,6.89,9.37,196.60,3.50,9.90
45052.00,0.04,1.25,4.97,6.89,172.80,2.80,8.40
45052.00,0.08,1.75,4.02,6.69,166.20,2.70,8.40
45052.00,0.13,4.24,9.95,16.45,169.70,2.70,8.60
45052.00,0.17,58.12,49.53,138.66,168.30,2.80,8.80
45052.00,0.21,41.16,21.04,84.15,144.20,2.70,8.70
45052.00,0.25,3.24,7.84,12.81,132.50,2.70,8.60
45052.00,0.29,3.87,11.48,17.40,133.60,3.30,9.00
45052.00,0.33,6.61,15.11,25.25,125.80,3.90,9.20
45052.00,0.38,4.99,13.77,21.42,129.60,3.90,9.80
45052.00,0.42,4.24,11.09,17.60,142.90,4.20,10.70
45052.00,0.46,5.11,12.62,20.46,145.70,4.20,11.60
45052.00,0.50,5.61,13.20,21.80,156.70,4.10,12.30
45052.00,0.54,6.74,16.45,26.78,156.10,5.00,12.60
45052.00,0.58,7.36,18.74,30.03,167.60,4.00,13.20
45052.00,0.63,12.85,29.26,48.96,181.20,4.60,13.80
45052.00,0.67,9.11,22.76,36.72,190.70,4.40,13.70
45052.00,0.71,6.24,20.27,29.84,204.80,3.60,13.20
45052.00,0.75,6.61,17.40,27.54,202.50,3.50,12.60
45052.00,0.79,8.36,23.33,36.15,204.60,3.50,12.20
45052.00,0.83,7.36,23.91,35.19,224.30,3.40,12.00
45052.00,0.88,7.61,25.25,36.91,236.20,2.60,11.90
45052.00,0.92,5.61,16.07,24.67,224.70,1.60,11.50
45052.00,0.96,4.12,13.58,19.89,228.90,2.10,11.30
45052.00,1.00,2.49,8.61,12.43,246.10,2.20,11.00
45053.00,0.04,3.24,9.75,14.73,274.90,2.50,9.90
45053.00,0.08,5.74,10.52,19.32,280.20,2.60,9.20
45053.00,0.13,1.50,6.31,8.61,291.10,2.80,8.80
45053.00,0.17,1.25,6.50,8.42,299.90,3.40,8.70
45053.00,0.21,2.62,6.12,10.14,307.90,3.10,8.40
45053.00,0.25,3.49,8.61,13.96,305.00,2.80,8.00
45053.00,0.29,10.48,15.49,31.56,308.20,2.80,8.00
45053.00,0.33,7.98,14.92,27.16,306.90,1.90,8.20
45053.00,0.38,9.48,15.30,29.84,292.30,1.70,8.70
45053.00,0.42,24.82,24.10,62.16,297.00,2.20,10.80
45053.00,0.46,20.46,21.04,52.40,302.20,2.70,14.30
45053.00,0.50,15.97,22.19,46.67,295.60,3.60,16.20
45053.00,0.54,13.35,19.32,39.78,288.80,3.90,17.10
45053.00,0.58,13.72,17.98,39.02,282.00,4.10,17.40
45053.00,0.63,10.60,15.49,31.75,279.70,4.20,17.40
45053.00,0.67,15.22,18.17,41.50,280.90,4.00,17.20
45053.00,0.71,11.48,19.51,37.10,282.10,3.80,16.50
45053.00,0.75,10.98,18.36,35.19,280.50,3.00,15.30
45053.00,0.79,12.10,21.61,40.16,266.60,2.00,13.60
45053.00,0.83,12.47,25.25,44.37,246.40,1.90,12.10
45053.00,0.88,14.34,33.66,55.65,232.30,2.00,10.80
45053.00,0.92,10.48,22.95,39.02,233.50,2.00,9.70
45053.00,0.96,52.01,32.13,111.88,214.90,1.80,8.80
45053.00,1.00,9.85,14.92,30.03,211.70,2.50,8.40
45054.00,0.04,2.87,7.46,11.86,195.00,2.60,8.70
45054.00,0.08,23.57,9.75,45.90,199.50,3.20,8.90
45054.00,0.13,3.99,6.69,12.81,198.40,3.00,8.70
45054.00,0.17,2.12,5.74,8.99,200.70,2.80,9.10
45054.00,0.21,2.37,7.08,10.71,203.40,3.50,9.10
45054.00,0.25,3.74,11.67,17.40,195.80,3.60,9.70
45054.00,0.29,3.99,13.58,19.70,193.40,3.20,10.00
45054.00,0.33,4.24,10.14,16.64,196.50,4.00,10.30
45054.00,0.38,8.23,19.13,31.75,200.20,5.20,10.80
45054.00,0.42,11.10,25.44,42.46,197.90,5.20,11.30
45054.00,0.46,10.60,24.48,40.74,205.00,5.40,11.80
45054.00,0.50,8.11,13.01,25.44,201.40,5.30,11.90
45054.00,0.54,8.61,14.34,27.54,200.20,4.70,11.90
45054.00,0.58,4.99,10.71,18.36,205.00,4.60,12.20
45054.00,0.63,9.85,17.79,32.90,212.60,4.60,12.90
45054.00,0.67,8.11,15.87,28.31,213.70,3.50,13.00
45054.00,0.71,12.47,22.19,41.31,228.90,3.30,13.10
45054.00,0.75,10.48,24.29,40.35,244.50,2.30,12.90
45054.00,0.79,15.84,25.44,49.73,231.90,2.30,12.40
45054.00,0.83,7.73,19.51,31.37,201.70,1.80,12.10
45054.00,0.88,8.86,16.83,30.41,178.30,2.20,11.70
45054.00,0.92,7.23,17.60,28.69,211.80,2.20,11.60
45054.00,0.96,5.86,13.01,21.99,209.40,2.50,11.70
45054.00,1.00,8.11,12.43,24.86,218.60,2.60,11.70
45055.00,0.04,1.12,5.93,7.65,266.90,2.30,11.80
45055.00,0.08,1.12,6.89,8.61,292.00,3.70,11.60
45055.00,0.13,1.50,6.69,8.99,290.60,4.10,11.20
45055.00,0.17,1.25,4.59,6.50,286.90,4.10,10.90
45055.00,0.21,2.99,9.37,13.96,283.50,3.90,10.60
45055.00,0.25,9.85,14.73,29.84,280.00,3.30,10.40
45055.00,0.29,20.33,25.25,56.42,277.10,3.80,10.20
45055.00,0.33,26.19,29.26,69.42,278.50,3.50,10.50
45055.00,0.38,18.34,23.72,51.83,267.40,3.20,11.60
45055.00,0.42,21.70,26.01,59.29,282.00,2.70,13.10
45055.00,0.46,16.84,20.27,46.09,291.60,3.90,13.70
45055.00,0.50,18.71,21.99,50.68,308.10,3.40,14.80
45055.00,0.54,13.10,16.07,36.15,288.90,5.90,14.70
45055.00,0.58,18.96,25.82,54.89,289.60,6.00,12.80
45055.00,0.63,19.71,22.38,52.59,279.10,4.70,13.10
45055.00,0.67,23.45,35.19,71.15,302.70,4.10,12.50
45055.00,0.71,38.04,41.31,99.64,275.60,4.50,12.00
45055.00,0.75,21.08,29.84,62.16,279.20,6.70,10.50
45055.00,0.79,16.21,32.13,56.99,287.00,7.10,9.80
45055.00,0.83,12.47,30.79,49.92,291.90,6.70,9.30
45055.00,0.88,6.36,18.74,28.50,294.40,6.30,8.90
45055.00,0.92,4.12,11.09,17.40,299.10,5.70,8.80
45055.00,0.96,1.62,8.99,11.48,292.20,4.30,9.20
45055.00,1.00,1.25,8.03,9.95,283.50,4.40,8.40
45056.00,0.04,1.00,8.03,9.56,277.00,3.40,7.20
45056.00,0.08,1.37,7.65,9.75,282.10,4.80,7.70
45056.00,0.13,1.00,7.27,8.80,291.10,5.30,8.50
45056.00,0.17,1.12,5.93,7.65,294.90,4.90,8.70
45056.00,0.21,2.00,6.31,9.37,291.90,4.10,8.70
45056.00,0.25,7.23,16.26,27.35,285.30,3.80,8.80
45056.00,0.29,25.94,35.38,75.16,278.40,3.30,9.10
45056.00,0.33,26.82,41.12,82.24,283.40,3.20,9.90
45056.00,0.38,34.30,45.14,97.73,283.30,3.90,11.10
45056.00,0.42,28.81,32.51,76.69,279.50,4.30,11.90
45056.00,0.46,10.10,13.58,29.07,277.90,4.70,12.70
45056.00,0.50,15.22,20.85,44.18,279.90,5.60,13.30
45056.00,0.54,12.72,16.45,35.96,278.60,6.50,14.20
45056.00,0.58,10.10,14.73,30.22,277.30,6.70,14.00
45056.00,0.63,15.47,17.98,41.69,278.90,7.40,14.50
45056.00,0.67,18.46,22.19,50.49,278.20,8.00,14.00
45056.00,0.71,26.94,22.38,63.69,280.40,7.30,13.20
45056.00,0.75,12.60,20.85,40.16,281.70,6.70,12.20
45056.00,0.79,10.35,19.70,35.57,277.70,5.40,10.90
45056.00,0.83,4.99,14.15,21.80,279.80,4.80,9.60
45056.00,0.88,3.87,10.52,16.45,284.00,4.40,8.90
45056.00,0.92,4.86,14.92,22.38,284.20,3.90,8.30
45056.00,0.96,2.00,15.87,18.93,281.50,3.70,7.80
45056.00,1.00,2.25,7.84,11.28,279.60,4.30,8.00
45057.00,0.04,1.37,4.97,7.08,250.30,3.00,6.60
45057.00,0.08,1.37,4.59,6.69,253.30,3.00,6.40
45057.00,0.13,0.75,3.83,4.97,262.90,2.70,6.10
45057.00,0.17,1.37,4.40,6.50,280.70,3.00,6.20
45057.00,0.21,3.49,16.64,21.99,285.20,3.00,6.20
45057.00,0.25,10.48,20.08,36.15,287.50,2.80,6.40
45057.00,0.29,35.55,34.62,89.12,281.50,2.40,6.90
45057.00,0.33,41.16,39.21,102.32,284.60,2.30,7.70
45057.00,0.38,38.67,39.78,99.07,292.10,2.00,8.60
45057.00,0.42,25.57,32.13,71.34,310.20,1.60,10.30
45057.00,0.46,25.44,29.84,68.85,321.10,2.40,12.90
45057.00,0.50,27.69,30.22,72.68,317.80,2.80,13.70
45057.00,0.54,21.95,29.26,62.92,312.70,2.50,14.50
45057.00,0.58,24.82,34.43,72.48,310.10,2.60,15.10
45057.00,0.63,22.20,30.41,64.45,317.20,2.20,15.00
45057.00,0.67,17.21,25.05,51.45,311.10,2.10,14.80
45057.00,0.71,15.34,26.01,49.53,315.40,1.80,14.70
45057.00,0.75,16.84,28.88,54.70,312.60,2.30,14.30
45057.00,0.79,9.23,18.55,32.70,311.00,2.70,12.90
45057.00,0.83,18.09,23.91,51.64,315.80,2.50,10.70
45057.00,0.88,3.49,10.33,15.68,322.40,2.60,9.40
45057.00,0.92,10.10,18.74,34.23,329.20,2.70,8.60
45057.00,0.96,3.62,10.71,16.26,341.30,3.00,8.20
45057.00,1.00,2.87,10.33,14.73,5.30,3.00,7.90
45058.00,0.04,3.74,9.56,15.30,23.20,2.80,6.20
45058.00,0.08,1.62,4.21,6.69,40.30,3.50,6.50
45058.00,0.13,5.74,12.24,21.04,46.40,4.10,6.90
45058.00,0.17,43.66,24.29,91.23,35.40,3.80,6.60
45058.00,0.21,6.24,12.24,21.80,25.20,3.60,6.60
45058.00,0.25,7.36,11.86,23.14,23.30,3.40,6.80
45058.00,0.29,24.70,27.54,65.41,30.00,3.90,7.10
45058.00,0.33,28.06,35.96,78.99,36.10,4.30,7.60
45058.00,0.38,31.06,25.44,73.06,28.70,4.70,8.50
45058.00,0.42,20.83,27.35,59.29,25.40,5.20,10.20
45058.00,0.46,20.95,21.61,53.74,24.10,5.90,11.80
45058.00,0.50,23.08,27.73,63.11,23.30,6.90,13.20
45058.00,0.54,16.71,21.04,46.67,27.10,6.80,14.00
45058.00,0.58,17.21,20.85,47.24,23.00,7.70,15.70
45058.00,0.63,20.08,25.05,55.85,24.40,7.70,15.20
45058.00,0.67,29.81,30.60,76.31,23.60,7.40,14.60
45058.00,0.71,16.96,19.13,45.14,31.00,5.30,13.10
45058.00,0.75,16.46,17.79,43.03,35.30,5.90,12.40
45058.00,0.79,12.72,20.85,40.35,41.30,6.40,11.50
45058.00,0.83,8.86,14.15,27.73,40.10,6.40,11.00
45058.00,0.88,8.61,14.73,27.92,44.80,6.50,10.80
45058.00,0.92,9.48,8.42,22.95,47.00,6.50,10.50
45058.00,0.96,6.24,10.52,20.08,46.80,6.70,9.80
45058.00,1.00,2.62,4.97,8.99,45.80,6.40,9.30
45059.00,0.04,3.74,5.36,11.09,31.80,4.00,7.40
45059.00,0.08,2.49,2.30,6.12,31.40,5.20,7.60
45059.00,0.13,1.37,2.68,4.78,33.00,5.60,7.40
45059.00,0.17,1.25,2.87,4.78,36.90,5.30,7.40
45059.00,0.21,1.12,5.93,7.65,37.50,5.00,7.20
45059.00,0.25,2.87,7.65,12.05,29.10,4.60,6.90
45059.00,0.29,4.62,11.28,18.36,31.50,4.20,7.10
45059.00,0.33,10.85,19.13,35.76,34.00,4.30,7.70
45059.00,0.38,14.47,19.32,41.50,35.90,4.40,9.50
45059.00,0.42,19.08,22.38,51.64,42.60,4.50,12.70
45059.00,0.46,18.46,22.95,51.26,52.90,4.80,14.70
45059.00,0.50,19.21,21.61,51.06,41.70,4.10,15.90
45059.00,0.54,17.96,21.23,48.77,37.10,4.40,17.20
45059.00,0.58,10.23,14.73,30.41,39.20,4.40,18.00
45059.00,0.63,10.23,15.49,31.17,35.50,4.40,18.20
45059.00,0.67,9.11,15.49,29.45,35.00,4.40,18.00
45059.00,0.71,17.46,33.09,59.86,30.10,4.10,17.80
45059.00,0.75,8.48,19.13,32.13,26.20,3.60,17.20
45059.00,0.79,5.49,16.83,25.25,23.20,2.50,15.70
45059.00,0.83,15.84,33.09,57.38,14.70,2.30,13.50
45059.00,0.88,15.34,27.73,51.26,25.30,2.10,12.00
45059.00,0.92,15.59,23.33,47.24,30.20,1.90,10.70
45059.00,0.96,14.09,25.25,46.86,23.40,1.90,9.60
45059.00,1.00,5.74,12.81,21.61,35.10,1.20,8.10
45060.00,0.04,4.37,10.52,17.21,111.90,0.50,5.20
45060.00,0.08,4.99,8.99,16.64,276.20,0.10,4.40
45060.00,0.13,7.11,8.22,19.13,196.30,0.30,3.80
45060.00,0.17,31.06,9.75,57.38,90.60,0.70,3.60
45060.00,0.21,3.12,6.69,11.48,155.40,0.50,4.20
45060.00,0.25,1.87,6.69,9.56,241.60,0.40,4.00
45060.00,0.29,3.37,8.42,13.58,215.00,0.30,4.40
45060.00,0.33,6.24,11.67,21.23,181.60,0.70,5.50
45060.00,0.38,8.73,13.20,26.58,275.50,1.20,7.30
45060.00,0.42,18.46,21.23,49.53,270.80,1.70,9.70
45060.00,0.46,19.21,28.50,57.95,285.40,2.20,14.00
45060.00,0.50,18.09,29.07,56.80,296.70,3.50,16.60
45060.00,0.54,9.11,16.07,30.03,294.00,4.00,16.70
45060.00,0.58,13.10,17.21,37.29,287.10,4.10,17.00
45060.00,0.63,10.85,16.83,33.47,283.30,5.00,16.50
45060.00,0.67,9.35,18.36,32.70,282.00,5.00,14.90
45060.00,0.71,14.47,24.29,46.47,283.80,4.30,14.10
45060.00,0.75,9.35,18.93,33.28,285.20,4.10,12.80
45060.00,0.79,8.48,12.62,25.63,290.50,4.50,11.60
45060.00,0.83,7.61,15.49,27.16,298.40,4.70,11.10
45060.00,0.88,3.87,13.01,18.93,295.70,4.40,10.70
45060.00,0.92,2.49,9.95,13.77,293.50,4.00,10.50
45060.00,0.96,2.49,7.46,11.28,313.40,3.70,10.30
45060.00,1.00,1.87,7.08,9.95,347.80,4.70,10.60
45061.00,0.04,1.25,5.74,7.65,354.70,4.40,9.30
45061.00,0.08,1.25,2.49,4.40,356.10,4.10,8.20
45061.00,0.13,1.12,0.96,2.68,355.10,5.20,7.50
45061.00,0.17,3.24,5.36,10.33,355.20,5.50,6.80
45061.00,0.21,7.73,9.75,21.61,350.60,5.10,6.20
45061.00,0.25,8.36,7.27,20.08,357.80,5.50,6.80
45061.00,0.29,21.20,18.93,51.45,5.10,6.00,8.50
45061.00,0.33,33.93,29.45,81.47,9.30,6.30,9.90
45061.00,0.38,23.70,26.39,62.73,9.00,6.20,11.20
45061.00,0.42,23.95,28.88,65.60,8.00,6.70,12.40
45061.00,0.46,21.70,24.67,57.95,5.10,6.60,13.20
45061.00,0.50,17.09,16.45,42.65,2.60,6.70,13.90
45061.00,0.54,18.96,19.70,48.77,0.70,6.60,14.30
45061.00,0.58,22.33,26.01,60.24,358.90,7.20,14.40
45061.00,0.63,20.71,22.76,54.51,5.70,6.20,13.60
45061.00,0.67,28.94,31.94,76.31,4.30,5.60,13.10
45061.00,0.71,22.58,28.50,63.11,3.50,6.10,13.40
45061.00,0.75,20.33,25.44,56.61,9.80,5.20,12.40
45061.00,0.79,15.34,25.82,49.34,0.40,3.70,11.00
45061.00,0.83,18.58,28.31,56.80,347.90,3.70,9.20
45061.00,0.88,7.98,20.66,32.90,353.00,4.00,8.10
45061.00,0.92,6.98,25.82,36.53,358.80,3.40,7.20
45061.00,0.96,9.48,24.10,38.63,354.60,2.90,6.30
45061.00,1.00,5.99,30.22,39.40,336.80,2.80,5.50
45062.00,0.04,21.08,22.57,54.89,331.40,2.80,3.70
45062.00,0.08,2.37,10.33,13.96,318.40,2.20,3.00
45062.00,0.13,3.62,17.40,22.95,316.30,2.90,2.70
45062.00,0.17,6.98,22.19,32.90,328.10,2.90,2.60
45062.00,0.21,12.22,23.72,42.46,321.10,2.50,2.30
45062.00,0.25,15.72,24.67,48.77,339.40,3.40,4.50
45062.00,0.29,29.81,30.79,76.50,337.20,3.10,7.00
45062.00,0.33,53.51,42.46,124.50,351.00,3.90,9.60
45062.00,0.38,35.05,53.55,107.29,359.10,4.60,11.30
45062.00,0.42,25.44,25.05,64.07,356.10,4.50,12.50
45062.00,0.46,23.82,24.48,61.01,349.40,4.50,13.60
45062.00,0.50,19.46,19.13,48.96,355.30,4.90,14.90
45062.00,0.54,23.45,20.66,56.61,352.50,5.00,15.60
45062.00,0.58,20.33,25.05,56.23,349.00,4.90,16.00
45062.00,0.63,28.81,37.29,81.47,345.20,4.90,16.20
45062.00,0.67,37.79,40.74,98.69,350.30,4.80,16.10
45062.00,0.71,30.31,49.53,96.01,352.00,4.60,15.80
45062.00,0.75,17.59,25.82,52.79,2.70,4.10,15.00
45062.00,0.79,14.47,29.84,52.02,12.10,3.30,13.70
45062.00,0.83,18.21,35.57,63.50,11.10,2.80,11.50
45062.00,0.88,9.85,23.14,38.25,10.70,2.80,10.00
45062.00,0.92,6.11,17.21,26.58,10.10,3.00,8.90
45062.00,0.96,5.74,16.26,25.05,356.00,2.60,7.90
45062.00,1.00,3.49,12.43,17.79,346.60,2.90,7.20
45063.00,0.04,6.98,13.96,24.67,331.50,2.00,5.00
45063.00,0.08,1.37,5.93,8.03,338.50,1.80,4.40
45063.00,0.13,4.86,9.56,17.02,347.60,2.00,4.10
45063.00,0.17,2.49,13.01,16.83,345.30,1.60,4.20
45063.00,0.21,19.71,17.21,47.43,347.90,1.00,3.40
45063.00,0.25,21.95,19.89,53.55,317.70,0.70,4.00
45063.00,0.29,36.05,33.66,88.93,354.00,1.30,4.40
45063.00,0.33,31.18,39.02,86.83,353.30,1.60,5.30
45063.00,0.38,32.31,32.32,81.86,359.20,2.10,6.80
45063.00,0.42,32.18,34.62,83.96,6.00,3.00,10.60
45063.00,0.50,29.31,30.98,74.59,355.10,4.20,13.80
45063.00,0.54,27.32,38.63,78.41,2.80,4.30,14.60
45063.00,0.58,24.70,30.79,66.94,20.40,3.70,14.90
45063.00,0.63,35.55,42.84,95.63,28.60,3.50,15.20
45063.00,0.67,47.77,50.49,122.40,23.90,3.40,15.00
45063.00,0.71,49.52,51.26,127.18,28.50,3.00,15.00
45063.00,0.75,38.79,52.40,111.88,33.30,2.40,14.30
45063.00,0.79,12.85,33.28,51.45,24.60,1.50,12.90
45063.00,0.83,12.10,32.51,49.53,316.10,1.10,11.10
45063.00,0.88,17.46,37.68,62.73,300.90,1.80,9.70
45063.00,0.92,16.71,37.87,63.50,301.80,2.00,8.50
45063.00,0.96,4.99,21.23,28.88,300.20,1.90,7.90
45063.00,1.00,5.36,22.57,30.79,320.20,1.50,7.50
45064.00,0.04,4.12,12.24,18.55,329.10,1.50,8.60
45064.00,0.08,2.62,11.86,15.87,326.70,0.80,7.80
45064.00,0.13,2.25,11.09,14.54,272.70,0.80,7.20
45064.00,0.17,7.36,14.54,25.82,325.40,1.30,6.80
45064.00,0.21,8.61,14.15,27.35,328.20,0.60,5.10
45064.00,0.25,28.69,20.66,64.64,288.30,0.20,6.20
45064.00,0.29,47.02,32.13,104.23,270.40,0.50,6.10
45064.00,0.33,34.92,40.55,94.10,58.00,0.40,6.80
45064.00,0.38,27.07,40.93,82.43,105.20,0.50,8.00
45064.00,0.42,13.85,25.63,45.33,199.30,0.60,10.10
45064.00,0.46,13.22,24.10,42.84,285.60,0.30,14.60
45064.00,0.50,19.58,29.26,59.29,344.00,0.30,16.10
45064.00,0.54,11.60,27.73,43.99,326.60,0.80,17.40
45064.00,0.58,26.19,41.31,81.47,338.50,1.30,18.00
45064.00,0.63,32.68,43.22,93.33,4.90,1.30,18.20
45064.00,0.67,20.71,37.87,69.62,7.30,1.70,17.50
45064.00,0.71,30.43,43.41,90.08,332.30,2.00,16.90
45064.00,0.75,17.59,32.70,59.67,306.70,2.50,15.80
45064.00,0.79,7.86,20.46,32.51,293.20,2.80,14.30
45064.00,0.83,6.49,17.40,27.35,283.40,2.80,12.90
45064.00,0.88,4.37,14.73,21.42,287.40,3.30,11.80
45064.00,0.92,2.87,16.07,20.46,296.70,3.30,11.00
45064.00,0.96,2.74,13.20,17.40,306.20,3.30,10.30
45064.00,1.00,1.50,11.67,13.96,304.90,3.00,10.20
45065.00,0.04,1.62,16.83,19.32,309.10,1.60,7.70
45065.00,0.08,1.25,14.54,16.45,307.00,1.60,7.10
45065.00,0.13,2.12,17.02,20.27,336.90,2.30,7.50
45065.00,0.17,4.62,13.77,20.85,20.80,2.50,7.70
45065.00,0.21,10.60,19.13,35.38,12.00,2.00,7.30
45065.00,0.25,20.83,31.17,63.11,355.20,1.70,7.30
45065.00,0.29,19.33,28.88,58.52,16.30,1.70,7.70
45065.00,0.33,48.27,44.94,118.96,23.60,2.10,8.30
45065.00,0.38,40.79,40.93,101.36,3.50,2.30,9.00
45065.00,0.42,32.31,31.37,78.41,3.40,2.00,11.90
45065.00,0.46,26.19,34.04,72.68,23.80,2.20,15.60
45065.00,0.50,26.94,39.21,78.41,20.70,2.80,17.40
45065.00,0.54,20.83,33.28,0.00,7.80,4.20,18.30
45065.00,0.58,20.95,31.94,61.20,6.20,4.90,17.60
45065.00,0.63,23.08,32.13,65.03,357.50,6.10,17.10
45065.00,0.67,13.47,26.58,43.99,7.60,6.00,16.70
45065.00,0.71,8.36,21.61,32.51,13.30,5.20,16.20
45065.00,0.75,11.23,27.73,43.99,23.30,4.80,15.70
45065.00,0.79,13.10,27.35,45.90,44.10,3.50,14.70
45065.00,0.83,12.60,31.75,49.73,59.20,2.80,13.30
45065.00,0.88,5.74,27.16,34.43,56.80,2.70,12.90
45065.00,0.92,5.61,29.07,36.34,62.00,3.40,12.50
45065.00,0.96,7.48,23.14,0.00,57.30,3.70,11.70
45065.00,1.00,5.86,22.38,28.69,48.30,3.70,11.00
45066.00,0.04,11.97,24.48,0.00,39.10,3.00,6.80
45066.00,0.08,1.12,9.37,7.65,39.80,2.90,6.00
45066.00,0.13,2.87,8.99,0.00,36.40,2.70,5.10
45066.00,0.17,1.62,7.08,7.65,40.80,2.30,4.30
45066.00,0.21,2.99,13.01,0.00,36.10,3.20,4.30
45066.00,0.25,2.99,11.09,13.39,34.50,3.60,4.40
45066.00,0.29,7.61,13.20,22.95,35.50,3.60,4.80
45066.00,0.33,11.72,15.30,32.51,42.00,3.50,5.80
45066.00,0.38,15.09,22.76,43.99,46.60,4.10,8.60
45066.00,0.42,31.93,34.43,82.24,55.60,4.70,12.20
45066.00,0.46,17.84,26.01,51.64,53.10,5.20,14.40
45066.00,0.50,13.10,18.36,36.34,51.20,5.40,15.70
45066.00,0.54,14.09,15.49,36.34,55.70,6.00,16.80
45066.00,0.58,13.72,22.76,42.08,59.50,6.10,17.30
45066.00,0.63,10.73,18.17,32.51,59.80,5.90,17.30
45066.00,0.67,16.59,32.51,57.38,56.10,5.80,16.90
45066.00,0.71,18.46,26.97,53.55,53.50,5.60,16.60
45066.00,0.75,13.35,27.54,45.90,50.40,4.70,15.70
45066.00,0.79,8.61,24.10,34.43,43.70,3.80,14.20
45066.00,0.83,7.98,22.38,32.51,39.20,3.80,12.10
45066.00,0.88,8.23,28.88,40.16,45.10,3.70,10.80
45066.00,0.92,11.85,39.40,55.46,43.00,3.80,9.90
45066.00,0.96,8.11,26.01,0.00,44.30,3.90,9.00
45066.00,1.00,5.86,17.21,24.86,45.70,3.30,8.00
45067.00,0.04,4.49,14.34,0.00,22.80,3.10,5.90
45067.00,0.08,19.71,41.12,68.85,29.20,3.00,5.20
45067.00,0.13,5.99,14.15,0.00,41.30,2.90,4.40
45067.00,0.17,10.98,12.81,26.78,43.70,3.20,4.60
45067.00,0.21,4.37,11.86,0.00,31.30,3.20,4.20
45067.00,0.25,5.86,10.71,17.21,32.20,3.30,4.20
45067.00,0.29,3.37,8.22,11.48,37.90,3.00,4.60
45067.00,0.33,5.74,9.95,17.21,49.20,3.50,7.60
45067.00,0.38,8.36,12.43,22.95,48.70,4.30,11.10
45067.00,0.42,13.72,18.74,38.25,53.40,5.10,13.60
45067.00,0.46,15.72,21.61,43.99,49.00,4.90,15.00
45067.00,0.50,15.22,25.25,47.81,45.20,5.00,16.10
45067.00,0.54,15.84,19.51,42.08,39.40,5.10,16.90
45067.00,0.58,11.85,21.42,38.25,44.80,5.50,17.60
45067.00,0.63,10.98,19.70,34.43,44.90,5.40,17.70
45067.00,0.67,15.97,24.48,45.90,40.60,5.40,17.50
45067.00,0.71,12.35,24.48,40.16,41.70,5.00,17.00
45067.00,0.75,17.09,25.82,49.73,39.60,3.40,16.00
45067.00,0.79,7.61,19.89,30.60,19.70,2.70,14.20
45067.00,0.83,12.35,24.86,42.08,11.10,3.30,12.40
45067.00,0.88,4.86,16.45,21.04,21.40,3.30,11.20
45067.00,0.92,5.24,21.80,28.69,28.60,2.90,9.90
45067.00,0.96,5.74,37.10,0.00,22.30,2.90,8.90
45067.00,1.00,4.49,26.58,30.60,18.60,3.00,8.10
45068.00,0.04,1.75,21.23,0.00,359.40,2.90,7.00
45068.00,0.08,1.62,14.54,15.30,14.20,3.40,6.80
45068.00,0.13,1.50,14.73,0.00,19.10,3.60,6.80
45068.00,0.17,4.12,17.60,22.95,10.50,3.70,6.70
45068.00,0.21,10.23,26.58,0.00,5.10,3.70,6.40
45068.00,0.25,9.35,25.44,38.25,6.70,3.70,6.30
45068.00,0.29,27.69,38.63,80.33,359.80,3.90,6.80
45068.00,0.33,40.41,41.69,101.36,2.00,4.70,9.60
45068.00,0.38,29.69,41.50,84.15,7.80,5.30,12.00
45068.00,0.42,21.45,30.41,61.20,8.50,5.80,14.10
45068.00,0.46,20.71,31.94,61.20,12.30,6.30,15.90
45068.00,0.50,14.72,24.48,43.99,13.20,6.40,17.20
45068.00,0.54,16.09,26.97,49.73,14.50,6.40,18.20
45068.00,0.58,19.58,41.31,68.85,14.20,6.40,18.60
45068.00,0.63,27.19,33.28,72.68,16.30,6.10,18.70
45068.00,0.67,24.32,42.08,78.41,15.90,6.10,18.70
45068.00,0.71,21.33,39.02,70.76,14.50,5.90,18.20
45068.00,0.75,17.46,35.76,61.20,11.00,5.10,17.60
45068.00,0.79,11.10,22.57,36.34,7.70,5.30,15.90
45068.00,0.83,12.35,19.70,36.34,9.80,4.90,14.00
45068.00,0.88,6.74,14.15,22.95,5.80,4.60,12.40
45068.00,0.92,3.49,8.99,11.48,8.90,4.90,11.20
45068.00,1.00,2.25,8.03,11.48,15.70,3.10,9.30
45069.00,0.04,3.74,7.84,13.58,18.30,2.80,9.00
45069.00,0.08,1.50,7.27,9.56,24.70,2.90,8.20
45069.00,0.17,3.49,10.71,16.07,23.10,3.20,7.00
45069.00,0.25,16.21,21.61,46.47,27.40,2.80,6.80
45069.00,0.29,29.69,32.13,77.65,31.40,2.70,7.30
45069.00,0.33,29.56,38.25,83.58,42.70,2.50,7.70
45069.00,0.38,15.34,26.20,49.73,57.40,2.40,10.50
45069.00,0.42,17.46,22.76,49.53,47.90,2.10,12.70
45069.00,0.46,20.21,28.50,59.48,51.80,2.90,14.60
45069.00,0.50,10.73,23.14,39.59,46.60,3.10,15.70
45069.00,0.54,11.72,21.80,39.78,40.30,2.90,16.50
45069.00,0.58,21.95,26.78,60.44,33.90,2.90,16.40
45069.00,0.63,24.82,34.81,72.87,45.00,2.50,16.00
45069.00,0.67,19.08,34.43,63.69,33.20,2.10,17.00
45069.00,0.71,37.04,45.14,101.94,16.60,2.10,16.70
45069.00,0.75,21.20,40.55,73.06,17.30,2.20,16.30
45069.00,0.79,9.11,25.25,39.21,17.70,1.40,15.60
45069.00,0.83,14.09,34.81,56.42,323.30,1.60,13.80
45069.00,0.88,9.35,32.70,47.05,333.40,2.80,11.90
45069.00,0.92,4.74,21.23,28.50,348.60,2.90,10.80
45069.00,0.96,4.86,22.38,29.84,17.30,3.40,9.80
45069.00,1.00,3.87,19.89,25.82,18.00,3.50,8.80
45070.00,0.04,3.49,14.54,19.89,9.60,2.00,7.20
45070.00,0.08,2.25,18.36,21.80,13.80,2.00,6.60
45070.00,0.13,1.75,13.20,15.87,356.80,1.20,6.20
45070.00,0.17,2.74,10.90,15.11,328.00,1.40,5.70
45070.00,0.21,11.23,13.77,30.98,321.00,1.40,5.60
45070.00,0.25,21.45,23.72,56.61,1.40,1.40,7.50
45070.00,0.29,31.81,32.13,80.90,7.80,2.30,10.40
45070.00,0.33,47.77,52.21,125.46,10.90,4.20,12.70
45070.00,0.46,105.40,61.39,223.00,3.80,5.40,15.50
45070.00,0.50,21.45,25.05,57.95,5.20,5.60,16.40
45070.00,0.54,15.72,22.38,46.47,10.80,5.30,17.10
45070.00,0.58,21.83,26.20,59.67,14.80,5.10,17.70
45070.00,0.63,32.31,35.96,85.49,18.00,4.90,18.10
45070.00,0.67,28.69,52.59,96.58,21.00,4.80,18.30
45070.00,0.71,33.80,48.77,100.60,23.40,4.40,18.20
45070.00,0.75,20.33,39.21,70.38,19.70,4.50,17.60
45070.00,0.79,17.09,35.19,61.39,13.50,3.90,15.90
45070.00,0.83,16.09,30.79,55.46,5.90,3.60,13.50
45070.00,0.88,9.73,19.51,34.43,7.50,4.20,12.00
45070.00,0.92,4.62,12.24,19.32,12.90,4.40,10.80
45070.00,0.96,3.62,9.95,15.49,17.70,3.90,9.80
45070.00,1.00,2.99,10.33,14.92,29.30,3.60,9.00
45071.00,0.04,2.37,7.84,11.48,8.10,2.80,7.20
45071.00,0.08,2.00,6.69,9.75,27.60,2.90,7.00
45071.00,0.13,2.87,8.80,13.20,36.10,3.60,7.70
45071.00,0.17,4.86,9.37,16.83,39.60,4.00,8.10
45071.00,0.21,10.98,19.13,35.96,42.40,3.60,8.10
45071.00,0.25,9.11,20.08,34.04,46.90,3.10,8.30
45071.00,0.29,30.18,33.09,79.37,49.40,3.00,8.30
45071.00,0.33,57.87,41.31,130.05,45.70,2.50,8.60
45071.00,0.38,28.81,33.66,77.84,41.60,2.50,11.30
45071.00,0.42,16.84,23.91,49.73,57.50,3.20,14.70
45071.00,0.46,25.94,31.37,71.15,57.50,4.00,16.90
45071.00,0.50,21.20,28.50,61.01,50.30,3.50,18.10
45071.00,0.54,23.95,33.85,70.57,42.40,4.10,18.20
45071.00,0.58,28.06,38.63,81.66,36.30,4.00,17.30
45071.00,0.63,22.70,31.56,66.36,36.60,4.20,18.80
45071.00,0.67,17.59,22.57,49.53,36.90,4.20,18.70
45071.00,0.71,12.97,22.19,42.08,46.50,4.00,18.80
45071.00,0.75,9.85,21.99,37.10,48.40,3.70,18.50
45071.00,0.79,6.61,20.85,30.98,33.70,2.90,17.20
45071.00,0.83,19.46,32.32,62.16,20.70,3.20,15.00
45071.00,0.88,6.98,22.57,33.28,37.00,3.30,13.60
45071.00,0.92,7.61,23.91,35.57,26.10,3.00,12.40
45071.00,0.96,4.49,34.04,40.93,19.50,3.50,11.50
45071.00,1.00,10.35,26.58,42.46,37.30,3.30,10.50
45072.00,0.04,4.99,20.27,27.92,62.10,2.10,9.00
45072.00,0.08,8.48,11.67,24.67,45.60,2.30,8.10
45072.00,0.13,5.61,11.09,19.70,63.00,2.40,8.00
45072.00,0.17,18.09,13.96,41.69,65.20,2.70,7.30
45072.00,0.21,11.85,14.34,32.51,60.40,2.70,6.80
45072.00,0.25,7.48,14.54,26.01,63.50,2.60,6.50
45072.00,0.29,13.72,19.70,40.74,59.10,2.70,6.50
45072.00,0.33,17.84,21.99,49.34,62.20,3.30,8.60
45072.00,0.38,15.22,20.85,44.18,67.90,4.00,11.40
45072.00,0.42,23.32,26.97,62.73,69.30,5.00,13.40
45072.00,0.46,19.83,23.14,53.55,68.20,4.80,14.60
45072.00,0.50,16.21,26.01,50.87,69.20,4.80,15.70
45072.00,0.54,12.85,21.42,41.12,71.40,4.90,16.60
45072.00,0.58,18.09,23.33,51.06,65.50,4.90,17.20
45072.00,0.63,20.46,27.35,58.71,64.80,5.00,17.60
45072.00,0.67,19.46,26.01,55.85,65.20,5.00,17.60
45072.00,0.71,20.21,35.57,66.56,67.00,5.00,17.40
45072.00,0.75,14.34,28.69,50.68,70.10,4.10,17.00
45072.00,0.79,15.34,25.05,48.58,84.50,3.10,15.70
45072.00,0.83,10.98,28.50,45.33,88.50,2.80,13.30
45072.00,0.88,14.59,37.10,59.48,97.10,2.90,11.60
45072.00,0.92,7.73,41.12,52.98,103.40,2.50,10.00
45072.00,0.96,8.73,35.38,48.77,93.30,2.10,8.80
45072.00,1.00,4.86,17.98,25.44,79.10,1.90,7.60
45073.00,0.04,5.99,13.58,22.76,64.00,2.70,5.60
45073.00,0.08,3.12,10.33,15.11,62.40,2.80,4.90
45073.00,0.13,3.99,11.48,17.60,74.40,3.60,5.40
45073.00,0.17,31.43,25.63,73.82,77.00,3.80,5.80
45073.00,0.21,3.87,8.99,14.92,71.30,3.50,5.50
45073.00,0.25,5.86,9.95,18.93,74.30,3.40,5.40
45073.00,0.29,7.73,12.43,24.29,71.00,3.20,5.40
45073.00,0.33,13.85,14.73,35.96,65.50,2.80,5.90
45073.00,0.38,9.23,12.43,26.58,51.80,2.90,7.00
45073.00,0.42,19.21,21.99,51.45,57.40,3.60,10.30
45073.00,0.46,13.97,17.60,39.02,56.10,3.70,12.60
45073.00,0.50,9.98,13.96,29.26,61.40,3.70,14.90
45073.00,0.54,11.23,19.32,36.53,52.10,3.90,16.10
45073.00,0.58,17.59,33.47,60.44,59.80,4.10,17.30
45073.00,0.63,9.11,15.87,29.84,62.40,4.00,17.90
45073.00,0.67,5.61,13.58,22.19,57.80,3.90,18.00
45073.00,0.71,8.23,21.99,34.62,57.90,3.90,17.80
45073.00,0.75,7.48,21.23,32.70,63.20,3.40,17.10
45073.00,0.79,7.98,24.67,36.91,63.60,2.20,15.90
45073.00,0.83,19.71,42.46,72.68,55.20,1.80,13.80
45073.00,0.88,7.11,32.51,43.41,48.10,1.90,12.10
45073.00,0.92,20.33,34.81,65.98,33.50,2.00,10.70
45073.00,0.96,9.85,25.63,40.74,20.40,2.10,9.60
45073.00,1.00,11.85,22.95,41.12,18.00,2.10,8.90
45074.00,0.04,6.61,17.02,27.16,17.80,2.40,8.00
45074.00,0.08,4.62,14.54,21.61,27.60,2.80,7.50
45074.00,0.13,4.74,13.96,21.23,27.80,3.00,7.70
45074.00,0.17,109.14,31.17,198.52,33.40,3.60,8.10
45074.00,0.21,79.45,45.71,167.54,33.90,3.50,8.40
45074.00,0.25,4.62,10.14,17.21,37.60,3.90,8.60
45074.00,0.29,5.24,9.75,17.79,35.10,3.40,8.70
45074.00,0.33,7.11,11.48,22.38,29.20,3.40,9.00
45074.00,0.38,10.35,13.39,29.26,37.70,3.40,10.00
45074.00,0.42,20.21,22.95,53.93,52.10,4.30,13.20
45074.00,0.46,15.47,21.99,45.71,58.80,5.20,16.20
45074.00,0.50,12.97,20.27,40.16,58.70,5.50,17.50
45074.00,0.54,7.36,15.49,26.78,62.20,5.60,18.20
45074.00,0.58,9.60,19.51,34.23,62.90,5.70,18.40
45074.00,0.63,9.48,16.64,31.17,65.40,5.80,18.60
45074.00,0.67,8.48,16.07,29.07,68.40,5.60,18.20
45074.00,0.71,6.86,14.15,24.67,67.40,4.80,18.00
45074.00,0.75,8.23,13.39,26.01,68.70,4.60,17.60
45074.00,0.79,6.24,12.43,21.99,56.00,4.30,15.60
45074.00,0.83,6.36,9.18,18.93,61.10,5.20,14.00
45074.00,0.88,4.74,8.22,15.49,62.60,5.10,13.00
45074.00,0.92,2.87,7.65,12.05,61.40,5.70,11.80
45074.00,0.96,2.12,4.97,8.22,62.10,4.60,11.10
45074.00,1.00,3.62,3.83,9.37,60.00,4.00,10.10
45075.00,0.04,0.87,3.44,4.78,57.10,4.50,8.70
45075.00,0.08,1.00,3.06,4.59,56.90,4.50,7.70
45075.00,0.13,1.50,3.63,5.93,58.70,4.60,6.90
45075.00,0.17,0.87,1.91,3.25,57.80,4.60,6.30
45075.00,0.21,3.12,6.50,11.28,57.70,4.90,6.10
45075.00,0.25,2.99,5.36,9.95,63.20,5.50,6.50
45075.00,0.29,5.86,6.69,15.68,61.00,5.50,6.10
45075.00,0.33,3.87,6.31,12.24,58.00,5.40,7.10
45075.00,0.38,5.86,6.69,15.68,59.90,6.30,9.40
45075.00,0.42,11.48,13.39,30.98,65.30,6.90,11.50
45075.00,0.46,11.23,13.01,30.22,65.20,6.90,13.60
45075.00,0.50,8.61,12.43,25.63,64.10,6.70,14.90
45075.00,0.54,10.60,15.49,31.75,63.80,6.50,15.90
45075.00,0.58,10.23,12.05,27.73,64.10,6.50,16.70
45075.00,0.63,6.98,11.28,21.99,66.50,6.70,17.30
45075.00,0.67,8.36,16.64,29.45,67.80,6.90,17.20
45075.00,0.71,7.11,12.62,23.52,64.70,6.60,16.30
45075.00,0.75,7.23,12.81,23.91,64.70,5.70,15.40
45075.00,0.79,6.86,11.67,22.19,61.80,4.60,14.00
45075.00,0.83,4.99,8.99,16.64,57.40,3.80,12.00
45075.00,0.88,3.74,6.89,12.62,57.20,4.20,10.60
45075.00,0.92,2.87,5.36,9.75,58.70,4.50,9.60
45075.00,0.96,1.75,4.21,6.89,60.90,4.70,8.70
45075.00,1.00,6.11,6.50,15.87,64.90,4.50,7.90
45076.00,0.04,3.12,6.89,11.67,54.40,3.80,6.60
45076.00,0.08,2.62,1.15,5.16,51.40,4.00,6.00
45076.00,0.13,1.25,3.44,5.36,51.90,4.10,5.50
45076.00,0.17,1.25,3.44,5.36,58.10,4.30,5.20
45076.00,0.21,2.74,6.12,10.33,51.80,4.50,5.30
45076.00,0.25,4.99,9.56,17.21,64.20,5.80,5.70
45076.00,0.29,12.72,14.92,34.43,64.50,5.40,6.00
45076.00,0.33,15.22,18.17,41.50,61.10,5.10,6.30
45076.00,0.38,11.23,11.86,29.07,59.00,4.90,7.30
45076.00,0.42,15.47,17.79,41.50,60.00,5.90,11.50
45076.00,0.46,12.85,13.20,32.90,64.00,6.30,13.80
45076.00,0.50,14.34,20.85,42.84,61.10,5.80,15.10
45076.00,0.54,14.59,22.38,44.75,61.40,5.70,16.50
45076.00,0.58,13.60,18.93,39.78,65.70,6.30,17.50
45076.00,0.63,7.73,11.86,23.72,62.80,6.20,17.90
45076.00,0.67,22.20,17.02,51.06,59.80,6.10,18.20
45076.00,0.71,10.60,16.26,32.51,60.30,6.40,17.90
45076.00,0.75,11.85,18.55,36.72,63.50,6.40,16.80
45076.00,0.79,6.61,11.67,21.80,64.30,5.70,15.20
45076.00,0.83,5.61,10.33,18.93,64.80,4.80,13.20
45076.00,0.88,5.49,9.75,18.17,64.50,4.50,11.60
45076.00,0.92,2.49,6.31,10.14,66.30,3.50,10.30
45076.00,0.96,2.37,4.21,7.84,50.10,2.70,9.20
45076.00,1.00,1.12,3.06,4.78,63.40,4.70,9.00
